CustomerID,Recency,Frequency,Monetary,Segment
12347,2,7,4310.0,1
12348,75,4,1437.24,0
12349,19,1,1417.6,3
12350,310,1,294.4,2
12352,36,7,1385.74,0
12353,204,1,89.0,2
12354,232,1,1079.4,2
12355,214,1,459.4,2
12356,23,3,2487.43,0
12357,33,1,6207.67,0
12358,2,2,928.0600000000001,3
12359,58,4,5042.68,0
12360,52,3,2302.06,0
12361,287,1,174.9,2
12362,3,10,4737.23,1
12363,110,2,552.0,2
12364,8,4,1208.1,3
12365,291,1,320.69,2
12367,4,1,150.9,3
12370,51,4,3425.69,0
12371,60,1,1527.96,0
12372,72,3,1196.04,0
12373,311,1,324.6,2
12374,25,1,622.93,3
12375,11,2,377.5,3
12377,315,2,1548.12,0
12378,130,1,4008.62,0
12379,82,2,777.24,0
12380,22,4,2427.81,0
12381,5,3,1474.81,3
12383,185,5,1628.56,0
12384,29,2,425.27000000000004,3
12386,338,2,401.9,2
12388,16,6,2780.66,1
12390,80,1,504.84000000000003,2
12391,22,1,460.89,3
12393,72,4,1582.6000000000001,0
12394,64,2,1080.48,0
12395,19,12,2642.68,1
12397,36,2,2214.9,0
12398,46,1,1435.66,0
12399,119,4,1033.65,0
12401,303,1,69.3,2
12402,323,1,195.6,2
12403,50,1,391.7,2
12405,149,1,1390.39,2
12406,22,2,3415.3,0
12407,50,5,1507.1200000000001,0
12408,33,5,2618.55,0
12409,79,3,11072.67,0
12410,309,2,533.33,2
12412,75,3,1142.88,0
12413,67,3,686.1,0
12414,217,3,442.41,2
12415,24,20,119151.09,1
12417,3,9,3226.1,1
12418,113,1,668.58,2
12420,64,1,600.39,2
12421,16,4,639.04,3
12422,96,3,683.5600000000001,0
12423,1,8,1634.31,1
12424,163,2,1760.96,0
12425,78,1,777.2,2
12426,195,1,510.73,2
12427,22,3,699.8,3
12428,26,8,6405.26,1
12429,9,4,3388.4,1
12430,43,1,216.4,2
12431,36,15,6382.45,1
12432,43,4,4089.52,0
12433,1,7,13375.87,1
12434,85,2,806.14,0
12435,80,2,7829.89,0
12436,100,1,429.01000000000005,2
12437,2,18,4447.41,1
12438,14,2,2466.85,0
12441,367,1,155.55,2
12442,3,1,144.06,3
12444,21,5,4085.46,0
12445,22,1,77.4,3
12446,58,1,1002.3100000000001,0
12447,243,1,431.49,2
12448,44,1,300.45,2
12449,22,4,3596.29,0
12450,156,2,197.88,2
12451,11,5,8995.52,1
12452,17,1,348.57,3
12453,134,1,707.09,2
12454,56,1,3110.84,0
12455,73,5,2339.86,0
12456,44,3,2581.04,0
12457,66,6,2043.23,0
12458,71,2,787.4,0
12461,155,1,626.88,2
12462,19,2,937.59,3
12463,53,4,1200.78,0
12464,10,8,957.05,1
12465,17,2,682.1899999999999,3
12468,188,2,657.54,2
12471,2,27,17424.05,1
12472,32,7,6068.11,1
12473,54,3,2596.23,0
12474,17,18,6709.84,1
12475,54,1,669.38,2
12476,16,11,5898.42,1
12477,23,6,13219.74,1
12478,4,1,545.99,3
12479,11,1,473.2,3
12480,28,4,2885.63,0
12481,23,10,5020.32,1
12483,17,8,1910.98,1
12484,35,4,3953.72,0
12488,10,3,1244.66,3
12489,336,1,298.93,2
12490,5,10,4859.93,1
12491,39,1,424.40000000000003,3
12492,63,2,227.21,2
12493,166,2,379.74,2
12494,16,7,1084.1000000000001,0
12497,82,1,953.1,2
12498,21,3,349.70000000000005,3
12500,23,11,4059.82,1
12501,337,1,2025.39,2
12502,96,5,2995.87,0
12504,18,2,428.04999999999995,3
12506,233,1,73.5,2
12507,134,3,1052.81,0
12508,26,2,398.27,3
12509,284,1,158.5,2
12510,143,2,814.5699999999999,2
12512,66,2,138.03,2
12513,113,1,558.29,2
12514,267,1,1017.68,2
12515,353,1,278.7,2
12516,78,2,1186.06,0
12517,28,4,2322.84,0
12518,1,5,1840.89,1
12519,64,1,286.84,2
12520,79,5,2346.2599999999998,0
12521,143,1,545.68,2
12522,39,2,156.72,3
12523,19,11,1699.77,1
12524,9,8,3945.72,1
12526,1,3,1172.66,3
12527,82,3,330.71000000000004,2
12528,9,6,1645.48,1
12530,60,4,1360.48,0
12531,15,1,125.22,3
12532,30,1,313.83000000000004,3
12534,131,1,981.18,2
12535,92,2,716.35,0
12536,59,1,4279.71,0
12538,29,1,363.95,3
12539,22,4,5568.35,0
12540,20,17,11580.24,1
12541,30,3,841.18,0
12544,36,1,316.7,3
12545,75,2,832.39,0
12546,47,2,1021.5,0
12547,198,2,151.79999999999998,2
12548,166,1,67.19999999999999,2
12550,79,1,824.83,2
12551,358,1,168.0,2
12552,40,1,317.82,3
12553,8,10,3278.28,1
12556,50,2,603.71,0
12557,16,5,11990.960000000001,1
12558,8,1,269.96,3
12559,311,2,525.71,2
12560,5,2,1918.01,3
12561,303,1,238.85,2
12562,8,7,3385.7400000000002,1
12564,261,1,402.9,2
12565,289,1,145.92,2
12566,86,1,297.65,2
12567,23,10,8437.48,1
12569,2,32,3152.69,1
12571,40,2,519.61,3
12572,9,2,912.42,3
12573,227,1,160.54000000000002,2
12574,316,1,182.45000000000002,2
12576,36,5,1315.83,0
12577,35,3,653.85,0
12578,21,2,2402.51,0
12579,78,1,386.42,2
12580,247,1,379.7,2
12581,40,1,179.71,2
12582,239,2,351.36,2
12583,3,15,6705.38,1
12584,4,9,2254.15,1
12585,234,2,1824.1,0
12586,17,1,196.94000000000003,3
12587,8,1,104.0,3
12588,39,1,174.89999999999998,2
12589,29,2,574.68,3
12590,211,1,8951.26,0
12591,317,1,368.85,2
12592,92,2,401.6,2
12593,109,3,382.09999999999997,2
12594,38,9,3208.2200000000003,1
12596,51,2,450.27,3
12597,19,4,3195.22,0
12598,10,7,2807.08,1
12599,29,7,888.58,0
12600,29,10,2311.04,1
12601,190,5,447.11,0
12602,59,1,153.12,2
12603,22,1,613.1999999999999,3
12604,79,2,236.18,2
12607,60,1,1579.51,0
12609,78,3,964.85,0
12610,23,4,1747.54,0
12611,52,1,1193.32,0
12612,74,1,668.0400000000001,2
12613,57,4,3092.38,0
12614,278,1,315.6,2
12615,2,4,2093.19,1
12616,95,2,641.3,2
12617,29,1,355.53,3
12618,22,1,137.31,3
12619,16,8,2945.56,1
12620,15,3,1303.41,0
12621,2,20,12411.67,1
12622,232,1,162.1,2
12623,276,1,269.1,2
12624,106,2,569.13,2
12625,212,2,2413.82,0
12626,23,9,5954.48,1
12627,11,6,4082.53,1
12628,4,3,732.46,3
12630,10,2,1030.88,3
12631,57,1,480.5,2
12633,59,4,1929.98,0
12635,90,2,1509.18,0
12637,67,8,5823.9,0
12638,33,1,511.69,3
12639,239,1,366.1,2
12640,24,3,994.58,0
12641,115,1,145.9,2
12642,25,3,905.26,0
12643,128,5,2206.44,0
12644,130,1,477.91,2
12645,34,4,1631.18,0
12646,5,2,1346.97,3
12647,22,12,3146.82,1
12648,155,1,300.05,2
12649,107,3,569.51,0
12650,3,1,242.44000000000003,3
12651,335,1,114.0,2
12652,331,1,793.98,2
12653,149,2,2209.85,0
12654,11,5,529.98,3
12656,17,5,3619.17,1
12657,11,4,1427.18,0
12658,19,1,632.05,3
12659,30,1,73.68,2
12660,11,1,227.1,3
12662,1,11,3543.78,1
12664,8,9,4391.88,1
12665,325,1,45.0,2
12667,58,1,460.13,2
12668,12,4,3177.15,0
12669,151,2,1427.73,0
12670,10,5,2744.05,1
12672,330,1,225.89999999999998,2
12673,5,2,574.52,3
12674,39,4,1844.6,0
12676,25,6,1091.39,0
12678,42,9,14698.98,1
12679,59,4,951.02,0
12680,1,4,790.81,3
12681,15,22,12365.54,1
12682,4,31,11028.22,1
12683,4,14,7612.57,1
12684,8,6,2073.63,1
12685,28,6,2575.08,0
12686,372,1,71.14,2
12688,114,1,4582.86,0
12689,26,2,1139.61,0
12690,206,1,335.01,2
12691,28,5,927.8,0
12693,127,4,711.91,0
12694,70,2,761.67,0
12695,7,4,582.1,3
12697,29,3,757.59,0
12700,8,4,4525.99,1
12701,80,2,725.71,0
12702,20,1,201.0,3
12703,71,1,265.55,2
12704,7,8,1740.84,1
12705,15,8,6382.29,1
12707,292,1,603.42,2
12708,30,10,2442.91,1
12709,15,15,9430.52,1
12710,97,3,1023.02,0
12712,29,13,3928.13,1
12713,1,1,794.55,3
12714,9,5,4294.86,1
12715,106,1,273.86,2
12716,4,2,963.49,3
12717,151,2,791.03,2
12718,71,1,202.25,2
12719,5,2,572.95,3
12720,3,25,5115.7300000000005,1
12721,32,6,2386.13,0
12722,85,4,979.63,0
12723,4,5,707.07,3
12724,5,4,923.41,3
12725,371,1,371.8,2
12726,28,7,2411.1,0
12727,11,7,3440.7,1
12728,71,4,728.33,0
12729,114,1,417.01,2
12731,24,12,18751.91,1
12732,180,1,218.26000000000002,2
12733,234,1,383.95,2
12734,353,1,110.39999999999999,2
12735,315,2,689.5699999999999,2
12736,333,1,144.0,2
12738,372,1,137.35,2
12739,99,1,975.54,2
12740,64,1,427.6,2
12743,134,2,546.43,2
12744,56,4,8805.39,0
12747,2,11,4196.01,1
12748,1,206,32202.12,1
12749,4,5,4040.88,1
12750,129,1,275.88,2
12752,81,1,4366.78,0
12753,23,6,21429.39,1
12754,236,3,1536.1799999999998,0
12755,281,1,17.549999999999997,2
12756,87,1,112.07999999999998,2
12757,16,9,4199.2,1
12758,117,2,2791.59,0
12759,52,3,1411.44,0
12762,8,2,1702.52,3
12763,138,2,494.08,2
12764,317,1,1693.88,2
12766,4,7,6457.63,1
12769,239,1,1143.6,2
12770,211,1,1351.45,2
12772,60,1,752.47,2
12775,17,5,1281.04,0
12778,20,6,693.23,0
12779,38,8,3981.36,1
12781,64,2,786.74,0
12782,5,5,1938.92,1
12783,2,4,1295.87,3
12784,15,1,518.42,3
12785,364,1,255.95,2
12787,10,3,418.66,3
12789,65,1,36.9,2
12790,192,1,294.92,2
12791,374,1,177.60000000000002,2
12792,257,1,344.53999999999996,2
12793,335,2,461.48,2
12794,53,2,860.41,0
12795,19,1,318.48,3
12797,366,1,226.03,2
12798,171,1,984.9599999999999,2
12802,187,1,397.58,2
12808,37,3,455.65000000000003,3
12809,178,1,405.31,2
12811,262,2,458.85,2
12812,45,1,229.64000000000001,2
12814,102,1,85.92,2
12815,148,2,863.46,2
12816,96,2,412.25,2
12817,281,1,126.03999999999999,2
12818,262,1,1182.0800000000002,2
12820,3,4,942.34,3
12821,214,1,92.72,2
12822,71,2,948.88,0
12823,75,5,1759.5,0
12824,60,1,397.12,2
12826,3,7,1474.72,1
12827,6,3,430.15000000000003,3
12828,3,6,1018.71,1
12829,337,2,213.1,2
12830,38,5,4536.56,0
12831,262,1,215.05,2
12832,32,2,383.03,3
12833,145,1,417.38,2
12834,283,1,312.38,2
12836,59,4,2612.86,0
12837,173,1,134.1,2
12838,34,2,683.13,3
12839,3,14,5591.42,1
12840,144,4,2726.77,0
12841,5,25,4022.35,1
12842,70,2,1053.99,0
12843,66,8,1702.26,0
12844,29,2,325.96000000000004,3
12845,267,4,354.09,2
12847,22,1,871.54,3
12849,31,2,1033.25,0
12851,97,1,135.18,2
12852,295,1,311.55,2
12853,135,6,1957.1000000000001,0
12854,79,3,1324.5,0
12855,373,1,38.1,2
12856,8,6,2179.93,1
12857,211,2,1106.4,0
12863,52,1,521.2,2
12864,138,1,147.12,2
12865,26,2,1568.23,0
12866,283,1,499.12,2
12867,26,7,4036.82,1
12868,186,6,1607.0600000000002,0
12871,84,2,380.64,2
12872,327,2,599.97,2
12873,282,1,374.0,2
12875,143,1,49.470000000000006,2
12876,58,2,2053.02,0
12877,4,12,1535.77,1
12878,236,2,854.99,2
12879,45,3,573.22,0
12881,276,1,103.0,2
12882,9,2,1463.04,3
12883,25,4,703.47,0
12884,88,1,139.05,2
12885,63,3,1175.22,0
12886,68,2,1378.4,0
12888,214,2,354.12,2
12890,24,1,380.46999999999997,3
12891,186,2,127.0,2
12893,31,1,188.14,3
12895,42,2,372.8,3
12897,205,2,216.5,2
12901,10,23,8874.68,1
12902,265,1,138.68,2
12904,18,2,509.58,3
12906,12,5,2919.81,1
12909,40,5,1723.67,0
12910,23,8,3075.04,1
12912,3,5,1662.3,1
12913,5,5,2483.63,1
12915,149,2,363.65,2
12916,139,4,3006.15,0
12917,128,1,594.0,2
12919,8,6,1335.19,1
12920,17,1,164.23,3
12921,9,37,16587.09,1
12922,161,1,405.38,2
12923,64,1,175.72,2
12924,88,4,925.75,0
12925,5,2,694.05,3
12928,35,5,2062.7000000000003,0
12929,312,1,117.85,2
12930,78,2,415.8,2
12931,22,15,29702.12,1
12933,24,3,607.53,3
12935,2,7,2160.7,1
12936,17,4,1063.9,0
12937,15,4,1504.27,0
12938,26,1,114.14,3
12939,64,8,11581.8,1
12940,55,2,913.54,0
12942,131,3,683.9,0
12944,36,2,604.51,3
12945,288,1,462.95,2
12947,144,6,1473.99,0
12948,16,7,2064.95,1
12949,31,8,4167.22,1
12950,2,3,1843.0,3
12951,9,6,1064.07,1
12952,6,4,1387.79,3
12953,10,1,329.85,3
12955,1,11,4757.16,1
12956,306,1,108.07,2
12957,10,8,4017.54,1
12962,7,2,266.39,3
12963,8,8,1856.63,1
12965,89,1,771.91,2
12966,10,1,160.18,3
12967,358,2,1660.9,0
12968,112,1,135.95,2
12970,7,4,452.24,3
12971,4,86,10739.91,1
12974,198,1,144.8,2
12976,212,1,738.6,2
12977,156,1,39.239999999999995,2
12980,177,7,2412.0,0
12981,30,2,372.21999999999997,3
12982,243,1,390.54,2
12984,19,1,97.5,3
12985,1,2,1239.38,3
12987,74,2,508.75,2
12988,292,1,535.32,2
12989,3,14,6114.110000000001,1
12990,31,3,409.5,3
12991,23,2,503.76,3
12993,23,4,414.76,3
12994,4,3,974.4200000000001,3
12995,85,1,211.32,2
12997,22,4,1226.89,0
12999,196,3,455.88,2
13000,107,3,534.85,0
13001,4,13,9818.82,1
13002,318,1,120.94999999999999,2
13003,106,3,149.05,2
13004,12,18,5655.91,1
13005,174,2,513.7,2
13006,56,1,81.57,2
13008,323,1,229.46999999999997,2
13011,372,1,50.550000000000004,2
13012,9,8,1661.8400000000001,1
13013,1,13,4810.9400000000005,1
13014,11,10,3466.2799999999997,1
13015,53,5,3051.28,0
13016,73,3,789.89,0
13017,7,1,204.0,3
13018,16,28,7277.7,1
13021,4,9,2616.38,1
13023,64,2,599.9,0
13026,1,5,975.36,1
13027,114,6,2208.0,0
13028,23,2,661.3199999999999,3
13029,31,3,1247.5,0
13030,11,2,799.48,3
13032,52,2,1010.18,0
13033,357,1,190.55,2
13034,55,2,642.77,0
13035,74,2,921.88,0
13037,138,3,881.07,0
13038,80,3,908.46,0
13040,9,2,676.99,3
13043,273,1,516.42,2
13044,291,1,560.47,2
13045,99,1,305.28000000000003,2
13046,31,2,544.3100000000001,3
13047,57,9,3232.59,0
13048,14,4,1835.91,0
13049,64,2,656.6800000000001,0
13050,15,17,5793.16,1
13052,212,1,348.15000000000003,2
13055,78,3,1214.41,0
13058,25,3,271.40000000000003,3
13059,250,1,183.4,2
13060,254,1,307.53,2
13061,72,1,248.61,2
13062,191,1,346.98,2
13064,13,4,1119.49,0
13065,373,1,205.86,2
13066,24,2,470.8,3
13067,82,1,115.46000000000001,2
13068,10,2,344.0,3
13069,1,24,4191.32,1
13070,192,1,228.8,2
13072,267,1,177.15,2
13075,130,1,919.61,2
13077,1,4,729.27,3
13078,3,26,12627.94,1
13079,4,5,220.10000000000002,3
13080,179,1,58.08,2
13081,12,11,28337.38,1
13082,126,9,2244.43,0
13083,4,2,303.75,3
13085,158,2,416.08000000000004,2
13089,3,95,58286.58,1
13090,9,13,8895.82,1
13091,28,1,345.82,3
13092,71,5,477.83,0
13093,276,8,7832.47,0
13094,21,12,1927.3200000000002,1
13095,71,1,74.39999999999999,2
13097,33,10,6010.42,1
13098,1,28,28882.44,1
13099,99,1,207.35999999999999,2
13101,234,1,101.19,2
13102,1,24,6424.09,1
13103,40,1,243.94,2
13104,3,6,1098.48,1
13106,133,1,76.5,2
13107,44,4,1531.6200000000001,0
13108,373,1,350.06,2
13109,60,2,786.54,0
13110,31,7,1488.67,0
13113,1,24,12245.960000000001,1
13115,12,4,2214.88,0
13116,138,1,501.14,2
13117,22,8,948.96,0
13118,20,5,1197.81,0
13120,239,1,30.599999999999998,2
13121,269,1,283.73,2
13122,94,2,922.39,0
13124,90,3,3830.38,0
13126,5,8,2099.64,1
13127,78,1,259.17,2
13130,94,1,64.0,2
13131,23,3,1073.3,0
13132,262,1,77.3,2
13133,274,2,109.8,2
13134,86,4,1793.58,0
13136,56,5,2607.61,0
13137,11,8,3650.41,1
13138,22,6,962.39,0
13139,16,7,5064.94,1
13140,108,3,423.72,2
13141,85,5,2388.75,0
13142,19,1,307.09,3
13144,333,1,110.95,2
13145,40,3,323.52000000000004,3
13146,26,1,228.91,3
13147,10,4,712.8000000000001,3
13148,29,12,3707.12,1
13149,14,4,1676.06,0
13151,296,1,1257.8700000000001,2
13153,6,1,486.22,3
13155,33,4,971.76,0
13157,49,4,1741.22,0
13158,95,4,1201.06,0
13159,9,4,1437.85,0
13160,22,1,91.8,3
13161,313,1,112.75,2
13162,122,4,1688.29,0
13165,46,2,1021.48,0
13166,283,1,417.2,2
13167,19,4,779.33,0
13168,36,4,1319.19,0
13169,64,2,712.88,0
13170,27,1,116.00999999999999,3
13171,22,3,468.41,3
13173,4,2,353.65,3
13174,16,3,2763.08,0
13176,46,1,492.84,3
13177,65,1,282.45,2
13178,26,11,5725.47,1
13182,45,1,121.18,2
13183,8,9,3957.78,1
13184,15,10,1700.29,1
13185,268,1,71.4,2
13186,40,3,1575.89,0
13187,337,1,236.02,2
13188,11,1,114.60000000000001,3
13189,19,2,260.68,3
13192,95,2,911.94,0
13193,61,1,117.88,2
13194,136,1,60.7,2
13196,11,4,1757.83,0
13198,10,6,3321.34,1
13199,4,37,9802.12,1
13200,19,4,870.09,0
13203,10,4,829.51,3
13207,15,2,250.26000000000002,3
13208,59,5,1199.42,0
13209,30,8,5891.61,1
13210,94,1,353.48,2
13211,10,3,1197.42,3
13212,20,3,788.08,3
13213,57,5,1520.58,0
13216,268,1,333.74,2
13217,122,3,533.98,0
13218,127,1,62.63999999999999,2
13220,78,4,819.2900000000001,0
13221,240,2,844.86,2
13223,200,2,163.20000000000002,2
13224,60,2,2152.95,0
13225,3,7,6463.84,1
13226,273,1,108.21000000000001,2
13227,202,1,257.7,2
13228,81,1,358.0,2
13229,226,1,160.95,2
13230,4,14,2806.97,1
13232,13,7,1357.0,1
13233,74,2,605.12,2
13235,212,1,1031.07,2
13236,25,2,744.85,3
13238,17,4,700.73,3
13239,262,1,329.56,2
13240,96,4,648.7,0
13242,112,3,270.40000000000003,2
13243,203,1,600.07,2
13244,93,1,121.74000000000001,2
13245,51,1,430.5,2
13246,18,6,1987.3,0
13247,18,4,501.12,3
13248,125,2,465.68,2
13249,92,3,711.41,0
13253,157,2,1030.4,0
13255,9,2,399.51,3
13258,12,3,698.58,3
13259,62,1,292.32,2
13260,61,1,557.62,2
13261,269,2,944.1,2
13262,263,1,200.29,2
13263,1,34,7428.85,1
13265,53,5,2107.66,0
13266,11,12,3754.36,1
13267,3,19,4521.49,1
13268,18,10,3152.7,1
13269,1,15,5346.2300000000005,1
13270,366,1,590.0,2
13271,37,1,217.38,3
13272,31,2,276.56,3
13273,113,1,138.98,2
13276,64,2,590.9300000000001,0
13277,16,4,258.4,3
13278,41,1,542.73,3
13279,78,1,137.75,2
13280,122,3,814.86,0
13282,18,3,1132.14,0
13283,60,2,93.66,2
13284,331,1,201.19,2
13285,23,4,2709.12,0
13291,156,1,361.11,2
13292,39,2,578.9399999999999,3
13294,190,2,873.74,2
13295,360,1,201.20000000000002,2
13296,137,1,87.4,2
13297,8,4,2089.85,0
13298,1,1,360.0,3
13299,268,1,142.5,2
13300,169,1,371.89,2
13301,104,4,600.19,0
13302,155,1,63.75,2
13304,351,1,300.42,2
13305,4,10,2000.86,1
13307,120,1,15.0,2
13308,23,3,1385.51,0
13309,7,5,1456.79,1
13310,28,3,1132.03,0
13311,4,2,598.57,3
13313,22,5,1555.32,0
13314,2,3,775.94,3
13316,37,4,5243.33,0
13317,66,6,2273.68,0
13318,1,3,640.76,3
13319,5,26,10845.550000000001,1
13320,78,4,1548.7,0
13321,72,2,567.36,2
13322,17,1,199.48000000000002,3
13323,3,5,787.85,3
13324,36,10,7121.95,1
13325,82,1,675.3,2
13327,39,8,3627.77,1
13328,316,1,1308.48,2
13329,32,2,789.0,3
13330,93,3,1140.93,0
13332,14,1,350.9,3
13334,82,3,3536.82,0
13336,77,1,795.12,2
13338,158,1,437.02,2
13339,201,1,860.12,2
13340,45,7,10321.76,1
13341,261,1,775.85,2
13343,178,1,303.43,2
13344,68,3,2253.7200000000003,0
13345,288,1,339.5,2
13347,70,1,291.36,2
13348,64,1,233.76,2
13349,11,1,197.32,3
13350,16,2,829.17,3
13351,66,1,323.94,2
13352,60,1,347.97999999999996,2
13354,71,1,743.53,2
13355,122,1,674.7,2
13356,80,1,768.24,2
13357,257,1,609.95,2
13358,269,1,389.03,2
13359,64,1,389.56,2
13362,9,4,3090.7400000000002,1
13363,18,2,892.5,3
13364,71,1,134.95999999999998,2
13365,34,2,2225.37,0
13366,50,1,56.160000000000004,2
13368,257,2,573.4,2
13369,366,1,258.28000000000003,2
13370,372,1,754.87,2
13372,90,1,328.64,2
13373,61,3,3312.25,0
13375,89,1,778.65,2
13376,99,3,869.76,0
13379,26,3,572.56,3
13381,32,6,3639.31,0
13382,281,1,222.99,2
13384,31,7,4151.93,1
13385,330,1,534.57,2
13388,131,2,627.15,2
13389,11,3,797.96,3
13390,75,1,544.08,2
13391,204,1,59.8,2
13394,2,8,2520.02,1
13395,185,1,307.72,2
13396,29,2,1360.99,0
13397,73,5,1544.13,0
13398,192,1,457.34,2
13402,127,2,621.23,2
13403,18,1,75.0,3
13404,1,2,252.49,3
13405,204,2,557.45,2
13408,2,62,27977.24,1
13410,24,5,1003.06,0
13411,107,1,213.55,2
13414,134,2,568.5,2
13416,44,2,712.5,0
13417,5,2,640.83,3
13418,12,18,5877.43,1
13419,64,1,221.06,2
13420,150,2,159.85,2
13421,40,2,1840.58,0
13422,64,1,2626.3,0
13425,108,3,1624.21,0
13426,1,10,3641.32,1
13427,19,3,582.6,3
13428,10,1,218.47,3
13429,11,4,1006.8,3
13430,19,2,679.45,3
13431,67,2,1269.1,0
13434,74,2,534.24,2
13435,5,7,3809.8900000000003,1
13436,2,1,196.89,3
13437,14,7,3368.11,1
13439,255,1,283.71,2
13441,92,1,296.64,2
13447,23,3,1129.14,0
13448,17,6,3539.37,1
13449,24,1,291.88,3
13450,27,6,2043.7199999999998,0
13451,26,5,2976.15,0
13453,166,2,356.97999999999996,2
13455,25,2,1058.34,3
13456,18,6,1766.72,0
13458,7,14,9646.57,1
13460,29,2,183.44,3
13461,39,3,1445.0,0
13462,253,1,151.5,2
13464,58,1,674.68,2
13466,184,1,307.9,2
13467,11,2,1083.71,3
13468,2,37,5704.97,1
13470,99,2,165.0,2
13471,1,4,2531.58,1
13473,61,2,422.64,2
13474,236,1,229.59,2
13475,191,4,1431.78,0
13476,179,2,988.47,2
13477,38,6,1454.58,0
13479,201,2,300.95,2
13481,46,5,1804.56,0
13482,232,1,184.64,2
13483,66,1,140.34,2
13484,241,1,313.8,2
13485,233,1,454.24,2
13486,78,3,1122.41,0
13487,58,3,575.4,0
13488,17,13,8918.36,1
13489,105,4,449.52,0
13491,52,10,1215.82,0
13492,136,3,1269.84,0
13493,275,2,498.63,2
13494,312,1,316.26000000000005,2
13495,8,5,2044.8700000000001,1
13496,11,2,653.33,3
13497,283,2,348.05,2
13499,18,5,1159.11,0
13500,23,3,1166.77,0
13501,288,1,1340.32,2
13502,17,3,292.0,3
13503,71,1,216.85,2
13504,64,1,295.93,2
13505,73,4,3633.63,0
13506,316,2,458.52,2
13507,3,4,2479.16,1
13508,244,1,110.97,2
13509,9,6,964.72,0
13510,1,4,1791.56,1
13512,261,1,251.21,2
13513,127,1,205.1,2
13514,74,1,152.20000000000002,2
13515,73,4,891.12,0
13516,21,3,1389.41,0
13517,60,3,2128.42,0
13518,86,1,659.4399999999999,2
13519,78,1,122.75,2
13520,59,6,2984.35,0
13521,1,3,1092.39,3
13522,30,1,125.80000000000001,3
13523,33,5,3634.88,0
13524,41,5,680.1800000000001,0
13525,15,2,628.78,3
13527,34,7,2287.51,0
13529,79,2,307.76,2
13531,205,2,483.8,2
13532,34,1,210.31,3
13533,183,3,270.79,2
13534,2,25,5870.08,1
13536,1,7,3448.29,1
13538,43,7,1280.85,0
13539,86,3,631.34,0
13544,40,2,291.41,3
13546,12,3,626.99,3
13548,96,2,682.41,2
13549,26,7,918.2,0
13551,319,1,91.80000000000001,2
13552,66,12,3740.07,1
13555,74,4,4149.28,0
13557,28,2,584.06,3
13558,6,4,605.06,3
13560,7,1,174.37,3
13561,216,1,141.85999999999999,2
13562,82,3,1799.33,0
13563,84,2,527.53,2
13564,354,2,1198.38,2
13565,19,2,240.22,3
13566,41,2,874.71,0
13568,173,1,192.85,2
13569,17,2,372.25,3
13570,243,1,239.49,2
13571,13,12,2092.32,1
13572,206,1,1384.25,2
13573,50,2,294.4,2
13575,23,5,732.0699999999999,0
13576,10,18,6717.34,1
13577,25,4,1687.6000000000001,0
13579,15,2,467.04,3
13581,309,1,118.0,2
13583,156,1,781.03,2
13584,307,1,142.4,2
13587,64,1,712.4,2
13588,16,9,2478.95,1
13589,15,2,379.65,3
13590,11,6,1981.92,1
13591,65,3,1117.13,0
13592,36,4,247.95999999999998,3
13593,108,5,2037.0800000000002,0
13594,53,1,396.97,2
13596,6,2,697.04,3
13598,47,1,180.17000000000002,2
13599,1,21,5033.82,1
13600,312,1,219.52,2
13601,45,2,693.32,0
13602,65,1,428.89,2
13603,26,1,164.34,3
13606,29,3,280.53999999999996,3
13607,40,1,678.01,3
13610,12,7,1131.88,1
13611,89,3,1171.8,0
13614,24,4,1610.46,0
13615,319,1,417.69,2
13617,40,3,544.18,0
13618,174,1,177.34,2
13621,117,1,213.85,2
13623,31,5,747.78,0
13626,253,1,257.23,2
13627,59,5,1638.47,0
13629,23,11,7792.36,1
13630,5,7,2031.78,1
13631,100,11,3070.42,0
13632,25,5,2121.27,0
13634,33,5,1575.16,0
13635,68,1,1071.03,2
13636,37,5,949.12,0
13637,52,3,809.25,0
13638,16,1,122.64,3
13639,74,1,1033.34,2
13642,216,1,354.8,2
13643,31,3,519.44,3
13644,16,4,2624.26,0
13645,120,1,252.1,2
13647,10,4,1678.1200000000001,0
13649,257,2,346.6,2
13650,17,6,1836.34,0
13651,40,1,79.2,2
13652,46,3,1095.08,0
13654,43,6,2707.33,0
13655,114,2,932.97,0
13656,165,2,379.65,2
13657,11,2,382.14,3
13658,10,5,2472.17,1
13659,206,2,1472.25,0
13662,86,3,897.76,0
13663,179,1,189.47,2
13666,60,3,84.65,2
13667,149,1,305.02,2
13668,3,21,6363.59,1
13669,51,2,218.55,2
13670,75,1,349.7,2
13672,301,2,186.39000000000001,2
13673,19,2,396.92,3
13675,151,2,486.82000000000005,2
13678,152,1,232.6,2
13680,1,4,3722.42,1
13681,18,4,827.83,0
13682,187,1,59.5,2
13684,286,1,67.23,2
13685,3,6,1481.44,1
13686,183,1,72.0,2
13689,63,1,910.0,2
13690,59,1,172.25,2
13692,25,3,1452.3700000000001,0
13694,4,49,63513.22,1
13695,31,15,2504.13,1
13697,39,1,151.29999999999998,2
13699,155,1,308.58000000000004,2
13700,26,10,2265.12,1
13703,318,1,99.5,2
13704,5,9,2308.06,1
13705,8,3,546.86,3
13706,303,1,330.79,2
13707,267,2,770.46,2
13708,271,1,294.88,2
13709,4,13,6328.05,1
13710,32,1,180.48,3
13711,219,2,252.06,2
13712,247,1,228.84,2
13715,281,5,1079.34,0
13716,269,1,138.28,2
13717,32,6,1445.01,0
13718,246,2,306.55,2
13719,15,5,1041.68,0
13720,117,4,799.9,0
13721,36,1,524.14,3
13722,132,3,2375.41,0
13723,217,1,199.85000000000002,2
13725,50,8,1980.56,0
13726,39,2,1079.6599999999999,0
13727,29,2,333.48,3
13728,37,6,1016.14,0
13730,136,2,752.6,2
13731,219,2,610.59,2
13732,28,1,491.86,3
13735,25,4,2885.2400000000002,0
13736,5,2,731.9,3
13737,200,1,339.59999999999997,2
13739,18,1,216.9,3
13740,241,1,350.75,2
13741,72,3,668.4300000000001,0
13742,17,12,3131.02,1
13743,3,7,1341.6,1
13744,95,2,1156.36,0
13745,162,1,300.04,2
13747,374,1,79.6,2
13748,96,5,948.25,0
13750,54,5,1647.26,0
13751,288,1,296.25,2
13752,124,6,1186.28,0
13753,288,1,741.26,2
13754,152,2,282.59999999999997,2
13755,4,9,2161.35,1
13756,2,14,5189.52,1
13758,12,7,3190.55,1
13759,33,2,659.4100000000001,3
13760,54,2,286.79,2
13761,50,2,1070.65,0
13762,219,1,306.72,2
13763,63,1,1714.96,0
13764,71,3,1518.76,0
13767,2,37,17220.36,1
13769,2,10,2796.51,1
13771,64,4,2634.45,0
13772,34,3,1132.13,0
13774,82,1,345.0,2
13777,1,33,25977.16,1
13778,103,1,178.7,2
13780,7,2,360.01,3
13781,251,1,127.84,2
13782,13,6,912.0,0
13784,10,11,2462.79,1
13786,367,1,230.39999999999998,2
13787,76,2,309.04,2
13790,4,1,348.8,3
13791,128,2,1516.0,0
13792,66,2,195.55,2
13798,1,57,37153.85,1
13799,117,2,688.86,2
13800,310,1,558.32,2
13801,67,1,324.8,2
13802,139,3,4599.42,0
13803,255,1,277.07,2
13804,31,7,2635.79,0
13805,52,2,924.6,0
13806,64,1,256.38,2
13807,367,1,112.6,2
13808,6,5,1747.66,1
13809,305,1,155.05,2
13810,29,2,827.51,3
13811,184,2,519.75,2
13812,42,3,485.0,0
13813,40,4,1168.8600000000001,0
13814,92,2,1579.12,0
13815,22,4,3667.36,0
13816,24,2,459.72,3
13817,29,2,328.98,3
13819,302,3,1140.35,0
13821,145,2,385.64,2
13822,6,2,632.0,3
13823,19,2,957.66,3
13824,33,5,1698.94,0
13826,176,1,189.5,2
13827,58,3,412.05,0
13828,22,1,209.49,3
13831,16,6,2202.99,1
13832,19,1,52.199999999999996,3
13833,159,1,384.8,2
13835,25,4,834.57,0
13837,212,2,271.24,2
13838,6,4,691.73,3
13841,253,1,85.0,2
13842,59,9,3385.62,0
13844,11,1,361.62,3
13845,65,1,312.98,2
13846,25,3,865.0600000000001,0
13848,298,1,135.0,2
13849,52,2,1537.95,0
13850,129,1,1595.48,0
13851,96,3,2651.46,0
13853,57,1,1090.14,0
13854,9,25,8109.5199999999995,1
13856,169,3,388.5,2
13858,57,1,216.17,2
13859,326,1,201.16,2
13860,1,5,1245.9,1
13862,18,8,2209.36,1
13863,248,1,305.78,2
13865,58,4,501.56,0
13866,74,1,145.67000000000002,2
13867,31,3,1015.29,0
13868,39,1,507.54,3
13869,123,4,3104.95,0
13870,2,8,2770.94,1
13871,23,13,6403.25,1
13873,120,3,389.6,2
13874,358,1,361.7,2
13875,54,5,1786.79,0
13876,64,1,122.7,2
13877,86,1,117.24,2
13878,55,1,1281.53,0
13880,21,13,3219.77,1
13881,4,20,17159.52,1
13882,3,5,1191.13,1
13883,11,5,2674.48,1
13884,7,5,787.6,3
13885,189,2,506.8,2
13886,71,1,243.56,2
13887,204,1,349.55,2
13888,120,2,605.63,2
13889,93,1,416.90000000000003,2
13890,1,10,1883.8100000000002,1
13892,27,4,632.97,0
13893,298,1,821.1,2
13894,24,3,564.62,3
13895,28,4,2593.07,0
13897,50,1,311.16,2
13898,326,1,155.93,2
13899,16,2,388.52,3
13900,183,3,740.95,0
13901,72,5,2807.25,0
13904,37,2,332.64,3
13908,80,4,2319.55,0
13911,57,9,2580.91,0
13914,12,2,626.45,3
13917,50,2,272.04,2
13918,50,2,1212.8400000000001,0
13919,59,2,348.81,2
13922,352,1,172.25,2
13923,54,1,351.13,2
13924,2,6,1838.8500000000001,1
13925,93,4,678.25,0
13926,23,1,183.9,3
13927,75,1,348.99,2
13928,11,4,464.57,3
13929,169,2,842.65,2
13930,58,2,337.34,2
13931,96,2,1237.53,0
13932,295,1,307.4,2
13933,109,2,608.7900000000001,2
13934,264,1,922.1,2
13936,180,1,376.58,2
13937,169,1,158.85,2
13938,35,1,71.66,2
13939,23,3,568.55,3
13940,17,4,839.14,0
13941,22,5,4945.96,0
13946,79,3,561.5699999999999,0
13947,65,1,90.6,2
13948,361,1,102.0,2
13949,3,6,2427.32,1
13950,11,4,745.06,3
13951,176,3,674.45,0
13952,218,2,3251.071,0
13953,7,6,2765.68,1
13954,2,2,439.92,3
13955,154,2,322.96,2
13956,5,5,1026.42,3
13959,79,3,598.2,0
13960,21,2,230.22,3
13962,22,2,169.55,3
13963,308,4,664.54,0
13967,146,1,80.7,2
13969,7,18,8758.99,1
13971,19,8,2758.26,1
13972,71,2,190.25,2
13973,287,1,264.7,2
13974,49,1,413.59000000000003,2
13975,31,6,2526.28,0
13976,207,1,357.98,2
13978,15,2,196.79000000000002,3
13979,73,1,869.87,2
13980,60,1,200.14,2
13982,39,4,1871.81,0
13983,30,10,1733.43,1
13984,27,5,920.51,0
13985,4,15,7060.13,1
13986,17,1,320.46,3
13988,20,6,4076.06,1
13989,66,2,1266.08,0
13990,213,1,311.3,2
13991,12,6,854.97,0
13992,30,1,76.8,2
13993,43,9,3326.56,1
13994,4,6,2313.14,1
13995,15,5,1393.69,0
13999,10,12,3901.81,1
14000,211,1,635.66,2
14001,46,3,2043.0800000000002,0
14002,134,2,529.73,2
14004,43,7,4582.64,0
14005,10,5,2874.72,1
14006,116,3,962.19,0
14009,198,2,695.61,2
14012,278,1,328.8,2
14013,110,3,473.02,2
14014,77,1,505.18,2
14015,53,1,917.34,3
14016,162,4,4226.21,0
14019,47,3,1421.61,0
14020,17,2,642.8,3
14021,155,3,631.9,0
14022,225,1,440.0,2
14023,7,2,584.07,3
14024,122,2,327.7,2
14027,61,1,104.82,2
14029,63,2,467.66,2
14030,18,8,1905.09,1
14031,7,19,17286.86,1
14032,2,11,2975.59,1
14034,22,3,651.8199999999999,3
14035,29,5,1428.02,0
14036,285,1,626.65,2
14037,176,2,147.20000000000002,2
14038,78,3,1560.38,0
14039,33,1,152.2,3
14040,41,12,3614.92,1
14041,266,1,141.41,2
14044,27,4,602.87,0
14045,109,4,1659.75,0
14046,284,1,151.59,2
14047,9,5,1308.6100000000001,0
14048,305,1,409.93,2
14049,17,4,5580.7699999999995,0
14050,32,2,746.36,3
14051,1,23,15610.390000000001,1
14052,20,1,225.36,3
14053,124,2,260.25,2
14054,65,1,92.46,2
14055,106,1,725.6400000000001,2
14056,1,23,8214.65,1
14057,24,17,6217.96,1
14059,267,1,183.6,2
14060,5,19,6140.42,1
14062,10,12,10378.45,1
14064,29,5,1042.7,0
14066,267,1,152.55,2
14067,64,2,374.7,2
14068,320,1,265.85,2
14071,4,8,1424.0,1
14073,32,1,151.04,3
14075,5,3,942.26,3
14076,129,1,122.47,2
14077,41,5,499.41999999999996,0
14078,102,6,1049.37,0
14079,125,1,375.1,2
14080,33,1,45.599999999999994,2
14081,302,2,934.52,2
14082,365,1,182.25,2
14083,4,9,1018.43,1
14085,2,18,4448.54,1
14087,3,1,194.42,3
14088,10,13,49702.81,1
14089,57,1,161.0,2
14090,325,1,76.32000000000001,2
14092,8,14,4076.91,1
14093,12,1,442.85,3
14096,4,17,53158.56,1
14098,37,1,147.35,2
14099,16,11,3104.17,1
14100,138,1,194.9,2
14101,74,6,5112.79,0
14102,5,5,1360.28,1
14104,155,2,131.21,2
14105,239,1,1266.23,2
14107,52,7,2703.23,0
14108,31,2,597.91,3
14109,73,1,144.2,2
14110,4,12,5683.15,1
14111,14,4,692.85,3
14112,23,7,2915.15,1
14113,4,4,1840.42,1
14114,274,2,386.53,2
14116,20,5,1382.74,0
14117,144,1,90.0,2
14121,4,4,2780.15,1
14124,84,1,419.58000000000004,2
14125,11,3,2740.43,0
14126,8,3,706.1300000000001,3
14127,123,3,709.71,0
14128,61,2,637.5,0
14129,2,5,1123.8600000000001,1
14130,319,1,483.86,2
14132,2,11,3586.0299999999997,1
14133,130,3,569.6899999999999,0
14135,2,15,4546.31,1
14138,2,2,982.3800000000001,3
14139,46,1,415.82,2
14140,4,2,935.05,3
14141,3,4,915.13,3
14142,373,1,311.81,2
14143,134,1,115.8,2
14145,47,4,3742.2,0
14146,9,5,4191.0,1
14147,78,2,483.4,2
14148,234,1,157.2,2
14149,221,1,446.62,2
14150,36,2,658.64,3
14152,75,2,621.29,0
14154,239,2,1150.62,2
14155,266,1,118.75,2
14156,10,53,115187.33,1
14157,20,2,432.88,3
14158,40,1,507.66,3
14159,20,11,4690.64,1
14161,216,3,1110.52,0
14162,174,2,289.36,2
14163,87,4,2445.91,0
14164,71,2,1631.77,0
14165,276,1,122.53999999999999,2
14167,39,4,574.84,0
14171,98,1,363.79,2
14173,11,4,450.84,3
14174,33,1,134.46,3
14175,60,3,3222.3,0
14176,297,4,576.9000000000001,2
14177,86,4,559.41,0
14178,9,7,1600.93,1
14179,41,2,719.78,0
14180,11,25,4543.57,1
14184,67,1,452.89,2
14185,331,1,32.65,2
14188,31,6,2054.36,0
14189,2,15,4654.08,1
14191,2,13,4684.76,1
14193,68,2,853.39,0
14194,5,21,11349.52,1
14195,202,2,1012.0,2
14196,107,1,335.52,2
14198,18,4,701.4,3
14199,218,1,185.39999999999998,2
14201,60,7,747.44,0
14204,2,1,161.03,3
14205,17,2,466.7,3
14206,239,1,328.15999999999997,2
14208,95,1,151.74,2
14209,11,6,2073.43,1
14210,106,6,1905.8400000000001,0
14211,53,9,2241.1,0
14212,90,1,1070.48,2
14214,31,5,1004.38,0
14215,12,6,1789.72,1
14216,3,4,1839.3,1
14217,2,17,2004.98,1
14218,43,1,169.48000000000002,2
14219,4,1,89.94,3
14220,247,2,632.4,2
14221,42,9,3432.8,1
14222,177,1,683.17,2
14223,92,3,991.13,0
14224,110,4,1050.12,0
14226,29,5,2232.19,0
14227,26,10,3350.96,1
14229,52,3,1547.2,0
14231,184,3,845.8100000000001,0
14232,43,5,2048.07,0
14233,49,4,1462.72,0
14234,22,4,775.46,0
14235,75,5,3144.86,0
14236,81,2,490.86,2
14237,373,1,161.0,2
14238,326,1,146.85,2
14239,43,11,2380.85,1
14240,30,2,890.34,3
14241,184,1,213.70000000000002,2
14242,235,2,280.55,2
14243,9,10,2588.77,1
14245,220,2,1693.45,0
14246,111,3,1474.06,0
14247,278,1,136.76999999999998,2
14248,318,1,302.58,2
14250,7,3,1904.05,3
14251,2,5,2879.7000000000003,1
14256,260,2,969.0600000000001,2
14257,64,5,3063.77,0
14258,9,9,12165.98,1
14259,142,1,120.0,2
14261,51,2,1163.45,0
14262,8,8,2618.23,1
14264,155,2,333.97,2
14265,109,2,530.18,2
14267,163,3,1516.24,0
14270,332,1,492.65000000000003,2
14271,226,1,112.32,2
14272,74,2,437.96,2
14273,51,4,559.97,0
14276,99,3,1119.74,0
14277,15,3,4180.2,0
14280,197,1,134.04,2
14282,3,15,3729.34,1
14284,31,2,595.25,3
14285,21,4,1910.01,0
14286,24,3,4628.75,0
14287,8,3,176.63,3
14288,213,1,426.6,2
14289,9,6,911.26,0
14290,11,5,2274.7000000000003,1
14291,2,11,3883.25,1
14292,8,9,4871.93,1
14293,3,4,1046.56,3
14295,40,1,166.20000000000002,2
14297,18,4,1305.33,0
14298,8,43,51149.3,1
14299,8,9,3965.62,1
14300,19,1,43.2,3
14301,117,1,640.14,2
14304,223,1,383.45,2
14305,71,3,1858.96,0
14306,51,2,2093.32,0
14307,89,6,2995.72,0
14309,8,9,2352.53,1
14311,243,1,310.26,2
14312,47,6,1611.59,0
14314,107,1,120.0,2
14315,45,6,2481.13,0
14317,65,1,508.58000000000004,2
14320,207,2,477.79,2
14321,11,5,1530.75,0
14323,115,2,605.0600000000001,2
14326,242,1,183.85,2
14327,163,1,311.65,2
14329,17,7,5014.84,1
14331,124,2,462.65999999999997,2
14332,23,3,866.31,0
14333,68,1,415.2,2
14334,17,8,2552.21,1
14335,16,2,468.26,3
14336,17,4,1614.91,0
14338,161,2,588.22,2
14339,243,1,309.52,2
14340,219,1,134.7,2
14341,45,8,2182.28,0
14342,21,4,668.5600000000001,0
14344,127,8,849.98,0
14345,39,1,108.97999999999999,2
14346,121,2,936.58,0
14348,260,1,409.57,2
14349,10,1,133.5,3
14350,274,1,282.93,2
14351,165,1,51.0,2
14352,157,4,1078.96,0
14353,215,1,90.6,2
14354,6,2,163.62,3
14355,366,1,174.4,2
14356,80,2,701.23,0
14357,43,1,225.77,2
14359,19,3,912.18,3
14360,32,4,2128.23,0
14362,22,1,161.2,3
14364,109,8,3717.35,0
14367,8,16,9261.52,1
14368,320,1,155.0,2
14371,295,1,100.5,2
14373,358,1,76.55,2
14375,185,1,257.68,2
14377,191,2,581.1,2
14379,44,2,348.1,3
14381,52,1,202.68,2
14382,26,1,626.0699999999999,3
14383,38,3,1247.69,0
14385,9,3,202.11,3
14386,297,1,142.4,2
14387,33,3,1770.56,0
14388,10,8,3212.84,1
14389,65,2,1043.46,0
14390,10,9,4612.87,1
14393,218,1,67.95,2
14395,2,9,3507.71,1
14396,65,2,487.99,2
14397,3,19,2612.96,1
14400,149,1,574.7,2
14401,4,13,4051.48,1
14403,130,4,1475.81,0
14404,34,6,1474.32,0
14406,119,1,156.75,2
14407,107,5,2142.73,0
14408,11,7,2606.53,1
14409,71,6,2023.5,0
14410,92,9,1104.07,0
14411,311,1,1063.0,2
14412,43,2,770.03,0
14413,362,1,122.7,2
14414,92,7,1496.98,0
14415,1,13,5900.28,1
14416,22,2,490.22,3
14418,4,3,1897.3,3
14419,11,6,1058.06,0
14420,99,1,387.52,2
14421,57,2,813.11,0
14422,1,6,4263.64,1
14423,218,1,265.2,2
14424,18,1,322.08,3
14426,24,10,4481.67,1
14427,50,2,363.34000000000003,3
14428,7,5,1244.83,1
14431,303,1,470.36,2
14432,10,6,2255.51,1
14434,22,6,1372.8,0
14436,99,1,89.06,2
14437,366,1,63.0,2
14438,306,1,131.9,2
14439,320,1,2661.24,0
14440,8,5,2357.6800000000003,1
14441,1,4,1712.89,1
14442,205,2,1589.82,0
14443,54,4,1384.25,0
14446,1,4,1034.78,3
14447,19,5,1163.23,0
14448,9,2,375.35,3
14449,19,4,907.1,0
14450,181,3,483.25,2
14451,60,2,662.59,0
14452,11,2,264.44,3
14453,190,1,119.93,2
14456,5,9,3059.44,1
14457,311,1,113.64,2
14459,155,1,1837.92,0
14460,110,3,434.34,2
14461,148,3,2102.67,0
14462,66,11,1999.02,0
14463,98,3,529.62,0
14465,247,3,1058.6200000000001,0
14466,29,7,2272.4,0
14467,18,4,598.76,3
14470,12,2,461.19,3
14472,104,8,1936.84,0
14473,74,2,234.34000000000003,2
14474,46,1,547.66,3
14475,72,3,925.85,0
14476,257,1,215.7,2
14477,20,4,1309.6,0
14479,254,2,316.25,2
14480,11,1,279.05,3
14481,165,2,636.51,2
14482,18,6,2068.15,0
14483,282,1,137.1,2
14484,50,1,321.92,2
14485,39,1,165.75,2
14487,27,6,1196.33,0
14488,68,1,1064.28,2
14489,207,1,463.38,2
14491,175,2,340.93,2
14493,7,5,2343.29,1
14494,26,1,139.56,3
14495,51,2,123.8,2
14496,312,2,538.8100000000001,2
14497,309,1,475.37,2
14498,43,5,1787.32,0
14499,26,3,815.32,0
14500,88,3,356.85,2
14501,184,2,251.21,2
14502,20,11,2467.63,1
14503,3,6,3543.26,1
14504,47,4,673.26,0
14505,17,8,5855.69,1
14506,17,5,2012.17,0
14507,24,6,1383.18,0
14508,22,2,276.42,3
14511,11,5,1314.81,0
14512,188,2,275.28,2
14513,101,3,455.59000000000003,2
14514,61,3,1055.35,0
14515,18,6,2102.09,0
14517,33,2,330.45,3
14518,64,1,174.37,2
14520,2,2,270.6,3
14522,24,4,974.54,0
14523,108,1,241.09,2
14524,32,9,1782.68,0
14525,20,9,4332.2,1
14527,3,55,8507.82,1
14528,37,1,364.21999999999997,3
14529,60,3,620.04,0
14530,26,6,2925.91,0
14532,236,4,932.85,0
14533,25,7,1865.72,0
14534,3,18,4445.4,1
14535,60,3,2864.19,0
14536,260,1,171.8,2
14537,58,1,355.56,2
14538,65,2,388.25,2
14539,16,2,537.48,3
14540,10,3,996.26,3
14541,59,8,1461.65,0
14542,186,1,103.25,2
14543,29,16,3590.68,1
14544,24,2,2024.45,0
14546,5,5,2578.09,1
14547,4,8,4007.54,1
14548,151,2,652.8,2
14549,311,1,289.24,2
14550,11,2,765.62,3
14551,18,2,186.23,3
14552,152,1,165.07,2
14553,19,5,694.27,0
14554,10,4,2381.04,0
14555,57,2,324.14,2
14557,85,1,788.38,2
14560,7,22,2237.77,1
14561,76,3,1080.76,0
14562,4,18,4994.87,1
14565,96,4,2949.12,0
14566,111,1,1432.0,0
14567,57,2,1530.3600000000001,0
14569,1,1,227.39,3
14570,281,2,217.21,2
14572,3,7,2832.84,1
14573,180,9,1653.42,0
14576,372,1,35.400000000000006,2
14577,13,4,859.71,3
14578,3,1,168.63,3
14581,17,1,138.6,3
14582,41,1,114.11,2
14583,6,5,1052.55,3
14584,169,4,1042.26,0
14585,50,1,157.05,2
14586,277,1,237.36,2
14587,19,9,1601.14,1
14589,372,1,39.75,2
14591,15,4,1447.14,0
14592,35,3,570.46,0
14593,22,3,617.99,3
14594,7,2,379.83,3
14595,20,6,1740.6,0
14597,11,2,883.15,3
14598,44,1,221.97,2
14600,306,1,393.33000000000004,2
14601,11,1,213.96,3
14603,275,1,660.0,2
14606,1,90,11841.75,1
14607,16,11,12371.9,1
14608,4,4,1785.15,1
14616,243,3,406.08000000000004,2
14618,9,3,553.44,3
14619,246,1,394.44,2
14620,206,2,412.78000000000003,2
14621,1,5,1788.3600000000001,1
14622,185,1,320.58000000000004,2
14623,32,5,884.57,0
14624,57,2,225.85,2
14625,196,2,899.63,2
14626,24,4,2751.32,0
14628,91,2,671.96,2
14629,4,2,959.01,3
14631,51,3,1006.98,0
14632,263,1,114.56,2
14633,266,1,344.90000000000003,2
14636,36,2,609.85,3
14638,51,1,443.6,2
14639,52,6,2984.49,0
14640,24,6,2125.08,0
14641,22,1,110.46,3
14642,59,1,96.12,2
14643,170,2,693.8100000000001,2
14644,68,2,830.76,0
14645,157,2,557.14,2
14646,2,69,263972.26,1
14647,201,1,243.22,2
14649,5,4,1417.29,3
14651,67,2,654.6,0
14652,77,1,114.18,2
14653,1,7,1937.6,1
14655,8,4,1932.23,0
14656,169,2,291.05,2
14657,18,4,848.22,0
14658,5,2,207.2,3
14659,9,9,2529.93,1
14660,87,2,285.74,2
14661,27,1,107.95,3
14662,29,4,771.17,0
14664,20,2,637.89,3
14665,61,5,1835.7,0
14666,24,1,179.95,3
14667,11,25,9236.95,1
14669,242,3,1269.99,0
14670,280,2,411.53,2
14672,235,2,765.55,2
14673,3,5,1736.4,1
14675,16,1,604.75,3
14676,31,6,2548.2400000000002,0
14680,25,16,28754.11,1
14681,71,3,498.95,0
14682,188,2,52.0,2
14684,26,5,1236.28,0
14687,107,1,628.38,2
14688,8,21,5630.87,1
14689,209,1,112.8,2
14690,44,2,371.7,3
14691,31,5,2114.33,0
14692,137,4,591.55,0
14693,265,1,172.9,2
14696,4,7,2078.95,1
14697,218,2,188.60999999999999,2
14698,2,5,1250.76,1
14699,214,1,109.13000000000001,2
14700,32,3,2235.3,0
14701,11,9,2145.92,1
14702,1,17,3292.14,1
14703,15,1,318.17,3
14704,20,7,1514.57,0
14705,199,1,179.0,2
14708,3,3,1126.37,3
14709,15,13,4921.04,1
14710,14,4,606.13,3
14711,10,11,2213.8,1
14712,29,3,917.07,0
14713,9,11,2666.36,1
14714,24,1,160.19,3
14715,25,4,867.38,0
14716,43,2,329.68,3
14719,2,5,1602.13,1
14720,6,3,663.81,3
14722,147,1,187.92000000000002,2
14723,10,6,1156.6,1
14725,25,1,718.08,3
14727,274,1,268.58,2
14729,374,1,313.49,2
14730,1,8,2005.06,1
14731,47,3,380.02,3
14732,8,8,2702.4900000000002,1
14733,16,12,9585.91,1
14735,4,31,6050.69,1
14737,4,3,1164.55,3
14738,43,7,1314.45,0
14739,4,7,3902.28,1
14740,197,3,1448.21,0
14741,12,6,1400.34,0
14744,16,7,1099.98,0
14745,113,5,1220.26,0
14747,249,1,328.2,2
14748,29,5,1415.75,0
14752,44,1,389.64,2
14753,87,1,563.15,2
14754,45,2,638.05,3
14755,10,11,4970.33,1
14756,15,1,738.96,3
14757,75,1,420.5,2
14758,145,4,1484.06,0
14759,5,3,1625.97,3
14760,297,1,89.2,2
14761,59,2,255.9,2
14762,264,1,300.52,2
14764,47,1,278.3,2
14765,29,3,254.11,3
14766,8,6,2473.37,1
14768,17,2,192.60000000000002,3
14769,3,8,10637.15,1
14770,232,2,876.42,2
14772,112,1,139.26,2
14775,58,3,1011.9,0
14776,51,11,2538.3,1
14778,127,2,730.86,2
14779,281,3,346.2,2
14780,55,2,447.68,2
14782,320,1,200.10000000000002,2
14784,26,2,250.04000000000002,3
14785,10,2,77.4,3
14788,7,2,679.4399999999999,3
14789,29,1,197.64,3
14790,17,4,745.06,3
14792,64,1,6.2,2
14793,21,1,228.99,3
14794,3,7,1319.91,1
14795,166,1,131.45000000000002,2
14796,1,17,8020.93,1
14798,53,3,173.74,2
14799,51,1,157.7,2
14800,48,12,4339.74,1
14801,61,1,193.14,2
14803,162,3,845.55,0
14804,9,1,353.27,3
14805,15,4,554.65,3
14806,75,1,193.39000000000001,2
14808,40,7,2471.27,0
14810,41,11,2087.88,1
14813,370,2,155.43,2
14815,37,2,778.5,3
14816,197,1,21.85,2
14817,200,2,1010.34,2
14818,74,3,657.8,0
14819,64,2,272.07,2
14820,21,4,507.29,3
14821,367,1,48.800000000000004,2
14823,180,3,321.43,2
14824,10,4,1127.71,3
14825,4,12,2226.91,1
14828,197,3,1557.7600000000002,0
14829,29,4,697.55,0
14830,53,1,196.28,2
14834,18,6,1720.3,0
14836,10,3,102.44999999999999,3
14837,90,4,1649.5,0
14840,268,1,62.85,2
14841,53,6,3295.76,0
14842,44,4,2529.69,0
14844,64,4,3189.81,0
14847,149,1,309.4,2
14849,22,25,7930.54,1
14850,312,1,325.75,2
14851,23,2,511.35,3
14852,58,6,2836.69,0
14853,24,2,475.8,3
14854,78,7,2679.93,0
14855,119,2,645.65,2
14856,36,3,1311.3799999999999,0
14857,60,2,1173.12,0
14859,13,4,1353.74,0
14860,19,1,170.32,3
14861,52,1,125.79,2
14862,26,2,841.1999999999999,3
14863,29,1,266.76,3
14865,7,2,52.2,3
14866,11,11,14353.4,1
14867,186,3,710.28,0
14868,3,8,2953.59,1
14869,9,2,725.7,3
14870,262,1,327.25,2
14871,3,4,522.38,3
14873,210,1,519.68,2
14875,108,2,1325.52,0
14878,13,9,1485.54,1
14880,77,3,706.19,0
14881,20,1,255.4,3
14882,27,2,589.7,3
14883,19,6,761.59,0
14885,132,1,765.3199999999999,2
14886,253,1,364.8,2
14887,79,1,1862.0,0
14888,207,1,369.2,2
14889,336,1,135.9,2
14890,254,1,125.65,2
14891,148,2,554.38,2
14893,10,2,1237.8500000000001,3
14894,85,1,655.75,2
14895,8,20,11102.76,1
14896,205,2,468.77000000000004,2
14897,8,4,1366.38,3
14898,23,6,1267.57,0
14901,11,9,1421.29,1
14902,26,1,332.66,3
14903,21,5,2810.63,0
14904,2,2,1025.44,3
14905,158,2,616.15,2
14907,3,7,3501.1,1
14908,74,1,277.8,2
14910,3,4,434.35,3
14911,1,198,135773.37,1
14912,17,2,867.85,3
14913,36,4,1227.43,0
14915,91,2,307.48,2
14916,71,4,1268.98,0
14918,116,2,1610.15,0
14920,213,2,977.77,2
14921,30,2,1316.07,0
14923,51,1,749.1,3
14924,246,1,185.05,2
14929,32,1,223.88,3
14930,109,3,2372.86,0
14931,5,4,864.6800000000001,3
14932,366,1,313.53,2
14934,82,2,1890.94,0
14935,297,1,1784.71,2
14936,34,8,8137.02,1
14937,57,3,1621.88,0
14944,30,12,5900.25,1
14946,14,1,100.9,3
14947,72,2,290.82,2
14948,23,6,1101.97,0
14950,19,1,371.2,3
14951,79,1,311.69,2
14952,60,11,8099.49,1
14953,25,1,289.82,3
14954,12,1,336.17,3
14957,253,1,58.49,2
14958,147,3,499.68,2
14959,64,4,695.42,0
14960,8,2,221.27,3
14961,11,9,7044.68,1
14962,271,1,126.7,2
14963,10,5,1487.8,0
14964,247,1,206.21,2
14965,96,2,599.0,2
14966,15,1,191.32,3
14967,50,1,463.8,2
14968,30,1,147.59,3
14970,68,4,1592.06,0
14971,35,3,1116.57,0
14972,128,1,114.77,2
14973,107,3,564.45,0
14974,37,1,114.39,2
14975,57,1,279.94,2
14976,57,6,774.86,0
14978,72,5,1931.42,0
14981,246,1,102.12,2
14984,19,2,213.27,3
14985,198,2,296.75,2
14987,16,2,326.4,3
14988,212,1,334.54,2
14995,39,2,233.23000000000002,3
14997,46,3,546.1999999999999,0
14998,170,2,429.87,2
15000,48,1,490.52,2
15002,116,4,1641.76,0
15004,147,1,1245.93,2
15005,16,28,6314.87,1
15006,51,1,497.14,2
15007,159,1,156.91,2
15009,12,3,1261.78,3
15010,36,1,308.94,3
15012,54,2,423.04,2
15014,43,2,260.17,3
15016,173,1,170.04,2
15017,34,1,125.58,2
15018,39,3,456.26,3
15019,267,1,266.0,2
15021,9,9,1914.82,1
15022,12,3,865.09,3
15023,3,11,6493.91,1
15024,10,10,1661.33,1
15025,33,1,377.01,3
15026,80,3,464.2,0
15027,31,4,1066.1499999999999,0
15028,8,4,627.13,3
15030,72,2,518.28,2
15031,4,4,668.14,3
15032,256,3,4959.1,0
15033,5,10,2583.37,1
15034,16,8,4308.61,1
15035,90,1,252.73000000000002,2
15036,72,3,465.55,0
15038,59,6,705.49,0
15039,10,47,19914.44,1
15041,170,1,180.35,2
15042,199,1,135.93,2
15043,31,1,537.0,3
15044,19,17,7700.2300000000005,1
15045,152,2,735.66,2
15046,9,15,5158.87,1
15047,270,1,343.62,2
15048,65,4,384.05,0
15049,274,1,121.17000000000002,2
15050,25,3,1782.09,0
15051,23,3,1391.61,0
15052,319,1,135.88,2
15053,5,3,697.79,3
15054,12,2,302.1,3
15057,275,2,1489.5,0
15058,25,11,2124.9900000000002,1
15059,41,9,1337.72,0
15060,8,4,301.84,3
15061,4,48,54534.14,1
15062,71,4,987.86,0
15063,213,1,370.79999999999995,2
15065,38,4,2868.18,0
15066,53,1,893.59,3
15067,78,3,1744.76,0
15068,46,2,553.36,3
15069,179,1,1109.53,2
15070,373,1,106.2,2
15071,94,2,982.07,0
15073,10,3,1043.41,3
15074,105,1,748.87,2
15075,78,1,773.03,2
15076,173,1,844.9,2
15078,7,32,9743.11,1
15079,213,3,773.76,0
15081,22,5,504.8,0
15083,257,1,88.2,2
15087,282,1,306.94,2
15088,21,2,1075.07,3
15089,10,6,2420.84,1
15090,308,1,381.32,2
15091,68,1,480.71,2
15092,215,2,457.81,2
15093,18,6,4597.02,1
15095,104,4,1370.6,0
15096,43,1,219.39000000000001,2
15097,4,1,248.08,3
15098,182,1,297.0,2
15099,84,1,410.48,2
15100,334,3,876.0,2
15101,9,2,317.53,3
15103,31,2,618.36,3
15104,197,2,1027.44,2
15105,18,7,2298.93,1
15106,18,5,1422.52,0
15107,311,6,319.5,2
15108,142,3,1159.25,0
15109,246,1,484.95,2
15110,24,4,756.4,0
15111,29,3,1567.48,0
15113,10,3,3608.94,0
15114,30,10,2760.56,1
15115,18,1,340.11,3
15116,18,4,1352.75,0
15117,15,5,1359.78,0
15119,246,1,226.45,2
15120,134,1,318.87,2
15121,50,2,457.72,3
15122,114,3,1633.78,0
15123,7,2,2199.31,3
15124,23,2,184.19,3
15125,25,15,11528.48,1
15127,66,1,406.53,2
15128,60,4,1471.0,0
15129,50,11,3447.4,1
15130,170,1,330.11,2
15132,18,5,977.9300000000001,0
15133,128,3,982.42,0
15134,15,8,1387.99,1
15135,239,1,139.05,2
15136,3,4,1286.7,3
15139,240,2,178.96,2
15140,52,7,2354.25,0
15142,46,1,498.74,3
15143,226,1,259.45,2
15144,8,17,6580.44,1
15145,4,4,1194.73,3
15146,165,2,1327.16,0
15147,240,1,623.5,2
15148,11,1,301.29,3
15149,134,1,520.8000000000001,2
15150,17,10,5314.47,1
15152,10,13,4745.69,1
15153,31,1,329.25,3
15154,75,1,296.42,2
15156,1,3,961.49,3
15157,4,3,1851.07,3
15158,45,1,401.40000000000003,2
15159,2,30,18141.010000000002,1
15160,357,1,158.16,2
15163,18,2,304.47,3
15164,69,3,843.05,0
15165,373,1,487.75,2
15167,321,1,163.0,2
15168,26,1,106.56,3
15171,331,1,1289.5,2
15172,9,5,1624.05,1
15174,323,1,135.75,2
15175,72,1,224.14,2
15178,260,1,40.5,2
15179,18,5,2206.95,0
15180,367,1,87.5,2
15181,66,3,689.4799999999999,0
15182,154,2,622.85,2
15184,29,2,406.76,3
15185,70,1,230.72,2
15186,14,2,411.41,3
15187,2,15,4762.18,1
15189,1,41,16140.39,1
15192,120,3,1044.32,0
15193,61,1,499.32,2
15194,3,15,7576.58,1
15197,11,3,660.21,3
15198,92,2,193.64,2
15199,59,4,1268.7,0
15201,87,5,1236.54,0
15203,26,6,1827.8,0
15204,357,1,316.58,2
15205,85,2,653.24,2
15206,10,4,420.29999999999995,3
15208,1,5,870.12,3
15210,225,1,245.28,2
15211,60,2,894.4100000000001,0
15212,241,1,101.8,2
15213,319,2,328.35,2
15214,2,8,1661.44,1
15215,47,3,734.94,0
15216,88,1,96.6,2
15218,11,11,5756.89,1
15219,176,1,305.75,2
15220,52,6,1778.96,0
15221,366,1,403.25,2
15222,319,1,585.0,2
15223,226,2,755.75,2
15224,358,2,322.08,2
15225,234,1,409.40000000000003,2
15226,311,1,154.41,2
15227,37,5,1219.4,0
15228,66,4,3386.71,0
15230,239,2,429.6,2
15232,113,2,612.06,2
15234,277,1,197.0,2
15235,218,12,2247.51,0
15236,299,1,321.05,2
15237,2,4,1412.32,3
15238,29,3,946.99,0
15239,10,2,780.59,3
15240,45,5,1706.57,0
15241,67,8,1756.44,0
15243,74,1,316.68,2
15244,65,2,631.57,0
15245,134,3,2515.84,0
15246,238,2,514.15,2
15247,122,1,356.0,2
15249,32,13,6688.46,1
15251,9,11,10484.99,1
15252,36,2,740.78,3
15253,16,5,918.1999999999999,0
15254,127,1,300.36,2
15255,67,1,890.85,2
15256,149,1,98.45,2
15257,283,1,152.14999999999998,2
15258,169,2,623.16,2
15260,100,7,1810.77,0
15261,135,1,254.82,2
15262,324,1,178.95000000000002,2
15263,107,1,156.51,2
15264,64,1,393.74,2
15265,151,2,1506.1200000000001,0
15266,338,1,119.3,2
15267,22,5,1717.36,0
15269,24,1,118.80000000000001,3
15270,16,7,2089.49,1
15271,7,15,2507.07,1
15272,57,2,721.94,0
15274,4,2,716.57,3
15275,38,1,615.14,3
15276,66,1,135.31,2
15277,47,1,255.89999999999998,2
15279,355,1,290.51,2
15280,172,1,113.12,2
15281,59,9,2332.15,0
15286,50,1,240.55,2
15287,22,2,486.69,3
15288,43,5,2306.52,0
15289,29,3,939.78,0
15290,5,18,7943.22,1
15291,26,14,4623.3,1
15292,201,1,180.94,2
15296,51,6,3672.86,0
15297,10,3,641.94,3
15298,2,12,4799.9,1
15299,67,5,2903.81,0
15300,64,1,496.44,2
15301,51,12,5070.35,1
15303,290,1,574.02,2
15304,61,8,694.4000000000001,0
15306,64,3,1174.35,0
15307,96,1,205.3,2
15308,274,1,310.47,2
15311,1,91,60767.9,1
15312,75,4,924.85,0
15313,110,1,52.0,2
15314,199,1,327.97,2
15315,64,2,570.5,0
15316,327,1,165.0,2
15318,4,1,312.62,3
15319,284,1,204.5,2
15320,44,1,267.13,2
15321,71,3,2748.31,0
15322,86,1,679.68,2
15325,104,1,162.29,2
15326,334,1,311.71,2
15327,53,1,208.75,2
15329,39,3,1049.7,0
15330,32,2,714.96,3
15332,366,4,1661.06,0
15333,208,1,1028.56,2
15334,157,3,348.72,2
15335,54,1,173.97,2
15339,66,2,574.07,2
15341,81,1,2020.52,0
15342,130,1,406.09,2
15343,87,1,364.5,2
15344,1,3,563.94,3
15345,46,1,393.54,2
15346,333,1,252.42000000000002,2
15347,366,1,201.60000000000002,2
15348,72,1,158.04,2
15349,158,2,473.81,2
15350,373,1,115.65,2
15351,12,7,1960.1100000000001,1
15353,255,2,777.02,2
15355,29,2,277.05,3
15356,31,10,2766.5,1
15358,5,22,8347.2,1
15360,40,1,427.93,3
15361,362,1,418.92,2
15363,373,1,326.0,2
15364,96,2,913.19,0
15365,26,7,2314.32,0
15366,75,2,602.51,2
15367,57,4,1877.59,0
15368,21,1,446.94000000000005,3
15370,41,7,2386.05,0
15372,137,1,2007.3999999999999,0
15373,8,12,2415.91,1
15374,129,1,168.0,2
15376,40,3,1233.3600000000001,0
15379,169,7,3703.29,0
15380,9,5,1690.2600000000002,1
15381,268,1,282.29999999999995,2
15382,15,6,5955.71,1
15384,170,2,642.41,2
15385,40,1,316.88,3
15386,186,1,394.14,2
15388,270,1,140.54,2
15389,172,1,500.0,2
15392,5,4,1535.53,3
15393,16,2,231.86,3
15394,10,4,2183.54,0
15395,326,1,107.45,2
15396,113,1,288.18,2
15397,290,1,94.0,2
15398,16,2,1345.53,3
15399,1,3,815.77,3
15400,92,5,716.2,0
15402,149,2,626.35,2
15405,189,1,349.1,2
15406,31,2,510.71000000000004,3
15407,34,4,861.44,0
15408,264,1,267.18,2
15410,84,8,3450.84,0
15411,26,4,1358.88,0
15412,171,1,190.53,2
15414,10,3,774.9000000000001,3
15415,313,1,572.8100000000001,2
15416,65,4,3984.32,0
15417,85,1,508.8,2
15419,25,1,135.86,3
15421,59,4,950.36,0
15422,323,2,97.7,2
15423,38,1,43.5,2
15424,254,2,383.34,2
15426,19,5,1447.39,0
15427,33,3,1483.14,0
15428,15,1,93.78,3
15429,27,2,397.35,3
15432,23,1,171.19,3
15433,214,2,533.3,2
15434,8,5,1041.48,3
15435,22,1,149.29,3
15436,12,3,1122.53,3
15437,262,1,200.16,2
15438,131,1,156.57999999999998,2
15440,55,3,383.68,0
15442,249,1,594.0,2
15443,2,7,3236.91,1
15444,9,2,1418.26,3
15445,264,1,113.5,2
15447,331,1,155.17,2
15448,313,1,494.64,2
15449,26,3,974.52,0
15450,30,1,429.84,3
15452,30,3,538.73,3
15453,2,7,1388.37,1
15454,362,1,179.1,2
15456,283,3,447.22,2
15457,262,1,237.07,2
15458,25,1,161.64,3
15460,354,1,216.76,2
15462,94,3,234.6,2
15463,29,1,126.14,3
15464,338,1,972.95,2
15465,20,18,7354.62,1
15466,85,1,334.53,2
15467,9,3,524.88,3
15468,51,2,467.51,3
15469,50,2,538.55,3
15471,2,1,469.48,3
15472,113,1,371.56,2
15473,14,7,1771.2,1
15475,77,1,454.10999999999996,2
15478,40,2,1441.42,0
15480,116,1,905.5,2
15482,16,11,11014.96,1
15483,161,4,233.81,2
15484,1,4,3594.31,1
15485,30,3,2575.0,0
15488,93,1,91.32000000000001,2
15489,23,3,1134.28,0
15491,95,6,3100.09,0
15492,28,2,659.4599999999999,3
15493,33,5,2001.8,0
15494,21,2,1299.23,3
15497,18,2,1262.2,3
15498,3,27,13316.4,1
15500,8,4,1131.56,3
15502,16,10,6923.98,1
15503,363,1,147.09,2
15504,81,1,52.83,2
15505,53,5,3610.96,0
15506,23,3,979.26,0
15507,172,1,492.36,2
15508,189,6,1000.27,0
15511,12,5,909.23,0
15512,156,2,121.0,2
15513,33,19,14593.220000000001,1
15514,12,11,4139.46,1
15516,45,3,62.43,2
15517,233,1,267.03,2
15518,64,8,1942.45,0
15520,2,1,343.5,3
15521,40,8,2750.2,0
15522,33,2,398.84,3
15523,84,1,412.01000000000005,2
15525,2,3,823.42,3
15526,33,2,148.44,3
15527,19,8,2429.78,1
15528,254,1,229.33,2
15529,23,11,3992.68,1
15530,22,4,1502.35,0
15531,8,2,2007.44,3
15532,25,4,1571.03,0
15533,19,3,807.57,3
15535,173,4,536.4,0
15537,163,1,110.92,2
15539,7,1,538.46,3
15540,11,1,213.3,3
15541,114,1,85.13000000000001,2
15543,288,1,127.86,2
15544,9,9,3546.71,1
15545,54,2,292.71999999999997,2
15547,7,14,4954.84,1
15549,77,3,1689.51,0
15550,4,4,575.63,3
15551,37,1,436.06,3
15552,217,1,90.12,2
15553,60,1,437.23,2
15554,278,1,217.2,2
15555,12,16,4802.18,1
15556,24,1,279.77,3
15557,29,1,473.65000000000003,3
15561,12,4,800.59,3
15562,352,1,134.55,2
15563,22,3,1361.44,0
15565,50,2,173.16,2
15567,19,1,186.01,3
15568,3,3,758.29,3
15569,104,5,1375.71,0
15570,7,12,4165.52,1
15571,12,4,650.4300000000001,3
15572,5,7,2357.86,1
15573,32,2,599.5,3
15574,178,4,702.25,0
15576,38,1,940.6700000000001,3
15577,151,3,258.88,2
15578,162,1,127.1,2
15579,69,2,348.6,2
15581,156,10,721.63,0
15582,25,3,682.9100000000001,3
15584,24,4,725.11,0
15585,177,1,455.3,2
15587,50,4,913.6800000000001,0
15589,256,3,478.53000000000003,2
15592,47,1,388.58,2
15593,71,1,199.8,2
15594,16,5,1771.78,0
15596,101,5,1406.59,0
15597,35,1,324.57,3
15598,53,1,240.68,2
15599,27,2,761.74,3
15601,11,14,6776.56,1
15602,8,9,1297.8700000000001,1
15603,79,1,48.480000000000004,2
15604,52,1,216.39,2
15605,36,5,1198.23,0
15606,61,9,2920.16,0
15607,337,1,104.76,2
15608,28,4,1093.68,0
15609,184,1,298.48,2
15610,52,1,112.46000000000001,2
15611,10,11,1570.45,1
15612,36,2,195.15,3
15615,10,23,10399.74,1
15618,33,4,776.851,0
15619,11,1,336.40000000000003,3
15620,57,3,1553.18,0
15621,4,4,1293.03,3
15622,43,9,3659.61,1
15623,141,1,301.03,2
15624,117,4,588.13,0
15625,104,4,1534.26,0
15626,75,2,675.8,0
15628,5,9,2870.2400000000002,1
15630,45,2,1186.35,0
15632,16,8,3285.31,1
15634,17,1,243.55,3
15636,90,2,724.76,0
15637,53,1,223.36,2
15639,134,1,425.32,2
15640,4,15,12515.66,1
15641,105,4,1887.2,0
15643,192,3,664.0,2
15644,166,4,813.0,0
15645,19,1,611.59,3
15646,158,3,447.64000000000004,2
15648,204,2,657.35,2
15649,336,2,816.0,2
15651,37,3,646.3,0
15652,91,1,337.74,2
15653,116,1,48.0,2
15654,9,2,922.53,3
15655,243,1,560.67,2
15656,45,4,748.5,0
15657,23,1,30.0,3
15658,190,5,1024.1000000000001,0
15659,44,1,306.45,2
15660,25,9,1600.86,1
15661,317,2,309.8,2
15663,106,1,138.14,2
15664,51,1,386.43,2
15665,168,2,2242.01,0
15667,40,1,301.32,3
15668,218,1,76.32000000000001,2
15669,40,4,684.34,0
15670,297,1,173.05,2
15671,19,7,2657.13,1
15673,88,4,2881.02,0
15674,73,4,2111.89,0
15675,81,3,323.69,2
15676,19,3,3395.81,0
15677,49,1,657.23,3
15678,53,1,352.7,2
15679,24,4,781.28,0
15680,9,3,1333.68,3
15681,25,5,1426.16,0
15683,117,1,193.75,2
15687,9,9,2993.1,1
15689,120,2,254.1,2
15690,4,2,239.76,3
15691,252,1,136.8,2
15692,28,1,191.04,3
15694,1,13,6464.4,1
15695,267,2,409.98,2
15696,33,8,2676.51,0
15699,18,1,309.65,3
15700,172,2,696.68,2
15701,2,4,1542.14,1
15703,265,1,211.5,2
15704,140,4,2293.62,0
15705,201,1,143.1,2
15706,64,4,1060.56,0
15707,35,4,945.58,0
15708,41,7,3364.2400000000002,0
15709,284,1,133.25,2
15712,9,5,1072.3600000000001,0
15713,143,2,356.7,2
15714,12,2,330.88,3
15716,146,4,1118.81,0
15717,234,1,150.3,2
15719,33,13,5043.96,1
15720,24,1,598.73,3
15721,12,1,507.08,3
15722,36,5,2222.56,0
15723,365,1,203.1,2
15724,201,2,218.25,2
15725,15,1,415.25,3
15727,17,7,4678.96,1
15729,213,1,85.0,2
15730,66,3,1120.88,0
15732,212,2,294.12,2
15733,283,1,162.3,2
15734,115,2,1339.45,0
15737,15,8,1205.1200000000001,1
15738,19,16,4812.42,1
15739,66,1,449.12,2
15740,49,1,154.88,2
15743,16,4,784.46,3
15744,78,1,34.8,2
15745,19,4,1094.59,0
15746,134,1,196.88,2
15747,13,3,974.04,3
15748,40,1,149.31,2
15750,3,8,2465.48,1
15752,40,7,2637.38,0
15753,305,1,79.2,2
15754,51,3,458.57,0
15755,10,6,2364.25,1
15756,61,4,532.96,0
15757,66,2,714.42,0
15758,25,1,205.25,3
15759,218,3,253.04,2
15762,65,2,583.75,0
15763,32,2,1007.02,0
15764,88,6,3101.22,0
15766,64,1,315.06,2
15768,116,3,371.83,2
15769,7,26,48212.72,1
15773,6,1,635.6800000000001,3
15774,69,1,270.8,2
15775,245,1,104.9,2
15776,133,1,241.62,2
15777,241,4,1047.11,0
15780,184,3,475.28000000000003,2
15781,25,3,345.46,3
15782,10,3,2614.7400000000002,0
15783,11,1,246.3,3
15785,33,5,2249.07,0
15786,46,3,4932.2,0
15787,26,3,948.05,0
15789,358,1,351.3,2
15790,10,1,220.85,3
15791,44,2,1612.69,0
15793,15,3,965.61,3
15795,150,1,610.01,2
15796,1,8,2710.56,1
15797,113,3,2192.4,0
15799,76,3,884.14,0
15800,107,2,699.08,2
15801,46,3,1063.95,0
15803,51,1,415.82000000000005,2
15804,1,13,3956.39,1
15805,23,17,5528.4800000000005,1
15806,46,3,784.58,0
15807,50,3,903.9,0
15808,306,4,3734.9700000000003,0
15809,36,5,515.77,0
15810,79,4,1391.98,0
15811,22,6,2218.62,0
15812,107,5,1765.19,0
15813,208,2,1303.9099999999999,0
15814,17,4,1909.38,0
15815,64,5,2100.6,0
15819,49,4,1905.45,0
15820,320,1,206.98,2
15821,44,2,570.96,3
15822,3,2,885.47,3
15825,172,1,282.94,2
15826,56,3,1654.31,0
15827,73,14,1836.0900000000001,0
15829,99,2,636.14,2
15830,38,1,576.0,3
15831,58,3,751.76,0
15832,254,1,836.79,2
15834,70,3,1981.25,0
15835,44,4,954.09,0
15836,50,1,137.37,2
15837,65,1,391.98,2
15838,11,19,27256.68,1
15839,33,3,1048.49,0
15840,59,2,355.56,2
15841,73,4,1224.06,0
15843,304,1,118.95000000000002,2
15844,46,1,130.73999999999998,2
15845,18,8,3711.77,1
15847,38,2,389.27,3
15850,19,2,238.85,3
15852,187,2,160.71,2
15853,52,1,110.8,2
15854,4,12,2974.65,1
15855,137,5,712.24,0
15856,4,27,16386.31,1
15857,19,1,297.0,3
15858,16,5,1438.85,0
15860,41,8,977.21,0
15861,12,7,3000.36,1
15862,8,4,832.88,3
15863,26,2,68.84,3
15864,22,6,1936.3200000000002,0
15865,41,3,895.13,0
15866,101,1,230.53,2
15867,5,15,3806.1,1
15869,277,2,149.64,2
15870,33,1,354.09000000000003,3
15872,15,2,360.93,3
15874,64,7,4030.88,0
15877,2,2,493.28,3
15880,369,1,343.28000000000003,2
15881,312,5,501.39000000000004,0
15882,199,4,514.08,0
15883,2,2,396.48,3
15885,93,1,349.35,2
15886,60,1,181.09,2
15888,81,1,162.64,2
15889,157,2,427.57,2
15891,227,1,521.97,2
15894,253,2,262.9,2
15895,150,1,179.17,2
15897,194,2,222.05,2
15898,1,5,1388.88,1
15899,369,1,56.25,2
15900,24,1,351.11,3
15901,17,3,361.9,3
15903,10,7,5126.76,1
15904,8,1,164.68,3
15906,20,7,1567.69,0
15907,4,3,966.6,3
15909,174,1,191.94,2
15910,1,8,1232.18,1
15912,178,2,264.62,2
15916,16,8,1528.09,1
15917,248,1,123.1,2
15918,191,2,334.23,2
15919,20,2,639.89,3
15920,154,3,163.55,2
15921,173,1,336.03000000000003,2
15922,373,1,369.5,2
15923,373,1,127.08,2
15925,194,1,207.15,2
15930,67,1,426.63,2
15932,4,8,2495.87,1
15933,21,3,1107.46,0
15935,239,1,108.03999999999999,2
15937,64,1,145.35,2
15938,112,5,404.58,0
15939,90,13,5848.01,1
15940,311,1,35.8,2
15942,134,1,337.44,2
15944,277,1,325.1,2
15945,365,1,181.0,2
15947,83,1,1708.24,0
15948,8,2,955.24,3
15949,17,2,364.72,3
15950,32,4,1765.51,0
15951,9,2,708.22,3
15952,34,4,806.57,0
15953,15,8,1659.3799999999999,1
15955,24,14,4416.26,1
15957,32,1,428.89,3
15958,74,1,104.35,2
15963,20,2,470.76,3
15965,17,4,845.64,0
15967,23,2,418.83,3
15969,3,3,666.1,3
15970,304,1,314.1,2
15971,18,12,4194.9,1
15973,367,1,307.82000000000005,2
15974,39,7,3442.15,0
15975,84,1,371.01,2
15976,165,2,430.94,2
15977,17,2,1054.73,3
15978,77,1,1098.78,2
15980,89,3,2398.86,0
15981,25,8,3408.48,1
15983,22,4,1475.02,0
15984,3,10,2837.67,1
15985,123,2,1142.42,0
15986,30,1,168.12,3
15987,12,6,1097.94,0
15988,19,1,158.03,3
15990,44,2,792.11,0
15992,4,1,41.989999999999995,3
15993,9,7,2788.87,1
15994,55,1,427.07,2
15996,88,6,1024.73,0
15998,37,5,3089.97,0
16000,3,1,2002.5,3
16003,30,5,2235.37,0
16005,12,4,615.39,3
16006,211,1,101.4,2
16007,48,4,1701.94,0
16008,24,3,478.78,3
16009,22,4,992.71,0
16010,246,3,407.5,2
16011,8,16,3362.71,1
16012,35,3,1415.29,0
16013,4,44,31867.28,1
16014,38,3,662.38,0
16015,4,3,705.1,3
16016,3,8,1508.76,1
16017,47,1,211.88,2
16018,39,2,408.90000000000003,3
16019,47,9,3786.2400000000002,1
16020,17,3,851.01,3
16022,260,1,628.28,2
16023,46,3,719.81,0
16024,12,1,245.96,3
16025,30,1,439.65999999999997,3
16026,43,1,236.09,2
16027,92,6,769.62,0
16029,39,61,53990.25,1
16030,310,1,331.24,2
16031,92,2,508.99,2
16033,6,20,8816.4,1
16034,196,3,437.7,2
16036,87,2,758.92,0
16037,270,3,715.22,2
16038,8,3,471.78000000000003,3
16040,65,3,1313.55,0
16041,141,2,1695.8,0
16042,22,5,1197.27,0
16043,38,4,773.99,0
16045,120,4,1340.7,0
16048,373,2,256.44,2
16049,40,3,1111.79,0
16050,174,1,137.9,2
16052,54,1,362.06,2
16053,33,2,1454.35,0
16054,145,1,783.9,2
16055,221,1,134.8,2
16056,45,1,664.85,3
16057,16,7,2263.12,1
16059,66,6,1459.8600000000001,0
16062,10,4,1153.62,3
16063,260,1,335.32,2
16065,365,1,372.09,2
16066,17,5,1521.87,0
16070,22,2,852.15,3
16071,45,1,326.24,2
16072,288,1,584.3199999999999,2
16073,297,1,122.39999999999999,2
16076,3,10,2234.73,1
16078,284,1,79.2,2
16079,17,3,1352.0,0
16080,82,2,217.16,2
16081,56,5,2806.9,0
16083,101,2,1317.62,0
16084,299,1,436.18,2
16085,23,5,981.51,0
16086,59,5,1121.39,0
16091,155,2,315.06,2
16092,115,3,817.86,0
16093,107,1,17.0,2
16094,12,4,1078.23,0
16096,264,1,195.62,2
16097,240,1,185.04999999999998,2
16098,88,7,2005.63,0
16099,50,3,731.9,0
16101,71,1,1290.7,0
16102,42,3,1842.14,0
16103,7,6,1429.64,1
16104,62,1,302.36,2
16105,249,1,336.96,2
16106,66,1,108.38,2
16107,18,7,3064.36,1
16108,85,1,842.5,2
16109,219,2,611.88,2
16110,45,3,1337.48,0
16112,143,4,195.73999999999998,2
16113,183,1,161.38,2
16114,171,1,135.75000000000003,2
16115,10,8,1667.97,1
16116,212,1,612.78,2
16117,190,1,232.21,2
16119,8,2,423.36,3
16120,59,4,1309.14,0
16121,57,2,867.11,0
16122,73,4,684.4200000000001,0
16123,52,1,307.78,2
16124,317,1,249.0,2
16125,367,1,289.35,2
16126,29,4,6287.77,0
16127,39,1,656.25,3
16128,18,5,1880.22,0
16131,52,6,3506.54,0
16133,4,33,14329.09,1
16134,22,2,618.09,3
16135,263,1,517.55,2
16136,60,3,709.38,0
16139,19,3,635.41,3
16140,66,2,725.18,0
16141,88,1,620.4,2
16142,250,1,535.34,2
16143,3,6,2174.94,1
16144,247,1,175.2,2
16145,9,11,3799.4900000000002,1
16146,157,3,734.13,0
16147,134,1,375.0,2
16148,296,1,76.32000000000001,2
16149,5,2,280.52,3
16150,43,5,2053.02,0
16152,269,1,1829.04,2
16153,50,5,1824.23,0
16156,9,9,3122.04,1
16157,16,3,656.69,3
16159,282,1,348.2,2
16160,65,2,1025.44,0
16161,2,19,5575.56,1
16162,252,1,37.4,2
16163,232,2,856.6,2
16164,17,3,822.48,3
16168,11,27,3787.6,1
16169,8,4,1822.97,0
16170,51,6,1845.1,0
16171,59,1,73.2,2
16172,95,5,1140.21,0
16173,16,6,1418.32,0
16174,126,3,1009.5500000000001,0
16175,94,4,1037.59,0
16177,50,1,331.95,2
16178,138,1,197.9,2
16179,61,1,215.83,2
16180,100,8,10254.18,0
16181,73,1,305.54,2
16182,72,4,6617.65,0
16183,67,1,338.71000000000004,2
16184,64,6,1158.79,0
16185,17,2,529.41,3
16186,23,12,4006.94,1
16187,32,15,6871.49,1
16188,45,4,981.86,0
16189,16,2,215.48,3
16190,40,1,215.08,2
16191,3,13,5180.52,1
16193,237,1,314.45,2
16198,75,1,400.68100000000004,2
16200,4,2,1080.6200000000001,3
16201,3,4,1863.47,1
16202,361,1,365.27,2
16203,59,4,592.9,0
16204,23,1,405.71,3
16205,31,4,754.78,0
16206,55,4,537.0600000000001,0
16207,25,1,394.38,3
16208,45,2,664.26,0
16209,89,5,2262.62,0
16210,2,17,17821.9,1
16211,89,1,547.02,2
16212,19,2,690.34,3
16213,79,1,159.0,2
16214,171,3,1062.75,0
16215,81,1,242.35,2
16216,267,1,749.9300000000001,2
16217,235,2,304.25,2
16218,30,7,3084.68,0
16221,37,3,864.86,0
16222,318,1,846.72,2
16224,57,4,1295.3,0
16225,45,5,1096.32,0
16226,203,3,255.12,2
16227,225,1,314.22,2
16229,87,2,1010.6,0
16230,190,2,542.03,2
16232,44,4,990.88,0
16233,71,3,536.6800000000001,0
16235,41,4,857.31,0
16236,78,1,432.2,2
16239,57,2,414.2,2
16240,24,2,3428.8,0
16241,10,13,2607.87,1
16242,8,7,3603.21,1
16243,34,2,324.1,3
16244,212,2,1522.75,0
16245,24,3,1377.71,0
16247,170,1,114.56,2
16248,62,1,152.94,2
16249,53,5,1800.07,0
16250,261,2,389.44,2
16253,67,2,3683.86,0
16255,17,8,2619.91,1
16256,267,1,752.4300000000001,2
16257,177,1,21.95,2
16258,45,5,4800.31,0
16260,51,1,1035.45,0
16261,17,4,746.83,3
16265,9,9,5347.0,1
16266,74,7,861.89,0
16268,71,2,577.7,2
16270,353,1,1141.24,2
16271,16,4,1414.24,0
16272,117,1,411.7,2
16274,373,1,337.75,2
16275,197,1,559.87,2
16276,177,1,810.6000000000001,2
16278,100,1,346.38,2
16279,21,3,1509.58,0
16281,72,1,2062.06,0
16282,340,1,168.3,2
16283,6,5,1569.11,1
16284,31,2,823.97,3
16287,170,1,142.5,2
16292,122,1,302.25,2
16293,22,10,2248.9900000000002,1
16295,10,4,1328.55,0
16297,269,1,301.9,2
16298,23,3,598.2,3
16302,127,1,233.22,2
16303,26,3,5360.63,0
16305,139,1,361.21999999999997,2
16306,214,6,632.27,0
16309,106,2,706.57,2
16311,18,2,616.26,3
16313,3,2,274.15000000000003,3
16315,331,1,226.37,2
16316,64,8,2438.91,0
16317,120,3,1341.65,0
16318,35,1,328.15,3
16319,218,1,404.40000000000003,2
16320,172,2,1038.46,0
16321,72,5,373.65000000000003,0
16322,1,2,326.75,3
16323,196,1,207.50000000000003,2
16324,128,3,428.68,2
16325,47,3,594.24,0
16326,6,14,3075.01,1
16327,14,6,3813.62,1
16330,18,3,251.91,3
16332,28,7,1593.2,0
16333,8,17,7709.280000000001,1
16337,37,1,151.05,2
16338,157,1,214.79999999999998,2
16339,284,1,109.95,2
16340,107,1,549.07,2
16341,25,4,1971.87,0
16342,75,4,286.46,0
16343,16,2,370.47999999999996,3
16344,158,1,101.10000000000001,2
16345,44,1,475.41,3
16347,11,2,887.65,3
16348,32,7,1467.11,0
16349,291,1,53.5,2
16350,21,4,1116.47,0
16351,333,1,153.9,2
16352,18,2,494.44,3
16353,4,23,6675.71,1
16354,63,2,395.8,2
16356,198,3,211.77,2
16357,33,3,658.88,0
16358,1,4,2027.5,1
16359,7,9,1500.92,1
16360,5,6,3512.53,1
16361,10,4,896.66,3
16362,32,5,734.77,0
16363,53,1,109.36000000000001,2
16364,12,2,707.04,3
16365,18,9,1540.42,1
16366,19,1,327.3,3
16367,37,2,804.49,0
16368,2,2,497.43,3
16369,18,3,1551.58,0
16370,82,4,1320.56,0
16372,33,2,367.93,3
16374,66,2,465.08,2
16376,9,2,987.01,3
16377,267,1,106.2,2
16378,247,3,362.95,2
16379,4,4,2157.4,1
16380,61,1,1780.59,0
16383,75,2,668.36,0
16384,90,2,584.5,2
16385,60,3,555.89,0
16386,29,2,317.2,3
16387,323,1,94.36,2
16389,53,4,1324.47,0
16392,270,1,221.19,2
16393,2,13,3046.21,1
16394,57,5,1555.34,0
16395,61,5,1486.9,0
16398,154,2,1665.85,0
16399,19,2,406.77,3
16400,95,1,303.93,2
16401,1,12,4098.32,1
16402,265,2,299.6,2
16403,312,1,177.5,2
16404,70,1,443.05,2
16405,302,2,167.25,2
16406,19,1,163.07,3
16407,13,10,2126.93,1
16409,36,5,2028.88,0
16411,19,2,214.65,3
16412,54,1,151.83,2
16413,57,1,262.2,2
16414,22,2,126.25,3
16415,44,1,210.35,2
16416,27,3,1051.4,0
16418,45,3,675.27,0
16419,113,6,972.23,0
16422,17,51,32322.8,1
16423,25,1,346.12,3
16424,191,1,133.56,2
16425,302,1,302.7,2
16426,2,10,1908.25,1
16427,263,2,241.06,2
16429,106,1,4.95,2
16430,57,1,300.85,2
16431,213,3,642.81,2
16432,64,1,287.4,2
16433,28,1,184.26,3
16434,29,7,1522.25,0
16438,6,5,798.35,3
16440,8,5,3640.67,1
16441,67,2,381.2,2
16442,2,3,616.79,3
16444,46,4,654.67,0
16445,34,1,230.51,3
16446,206,1,2.9,2
16447,136,1,259.01,2
16448,198,1,188.89000000000001,2
16449,198,2,707.69,2
16450,150,1,311.92,2
16451,88,1,266.97,2
16454,64,1,5.9,2
16455,64,7,1841.18,0
16456,99,5,2158.37,0
16457,218,1,208.36,2
16458,3,18,3482.7400000000002,1
16460,28,3,814.72,0
16461,178,1,151.42,2
16462,74,3,136.0,2
16463,21,4,1422.4,0
16464,20,3,1314.68,0
16466,34,7,1603.46,0
16468,74,1,74.9,2
16469,24,4,650.43,0
16470,52,4,762.39,0
16471,275,1,223.95000000000002,2
16473,165,3,316.11,2
16474,7,7,1871.3400000000001,1
16475,144,3,459.3,2
16477,64,7,2494.46,0
16478,25,3,331.0,3
16479,10,2,300.83,3
16480,76,1,769.29,2
16482,16,1,220.62,3
16483,192,1,139.35,2
16484,174,2,404.3,2
16485,77,1,363.65,2
16488,33,3,418.9,3
16491,47,1,731.5,3
16493,80,4,1351.63,0
16494,297,1,826.53,2
16495,3,3,684.41,3
16496,9,3,1599.52,3
16497,50,6,2965.69,0
16498,161,2,100.97,2
16499,360,2,365.45,2
16500,5,5,235.86,3
16503,107,4,1431.93,0
16504,25,1,484.38,3
16505,32,1,777.6,3
16506,20,2,90.30000000000001,3
16509,297,1,363.7,2
16510,372,1,248.1,2
16511,22,3,948.26,0
16513,5,4,874.59,3
16515,52,5,1627.13,0
16516,30,1,101.69999999999999,3
16517,277,1,162.7,2
16518,61,2,484.32,2
16519,25,2,212.98,3
16520,186,3,1046.57,0
16523,2,21,9418.470000000001,1
16525,2,26,13027.45,1
16526,172,1,290.36,2
16527,81,1,228.06,2
16528,4,1,244.41,3
16529,190,1,455.25,2
16531,22,7,1244.59,0
16532,18,3,6374.4,0
16533,19,3,1095.56,0
16535,5,1,593.75,3
16536,110,1,548.97,2
16539,3,4,1388.81,3
16542,54,1,119.62,2
16545,165,1,339.3,2
16546,291,2,787.15,2
16549,10,10,4154.64,1
16550,109,5,2298.97,0
16551,96,3,922.12,0
16552,243,2,379.73,2
16553,163,12,5719.82,0
16554,42,3,837.1,0
16555,35,2,285.89,3
16556,67,7,3313.79,0
16557,24,2,281.85,3
16558,1,20,8338.49,1
16560,27,2,841.41,3
16561,6,2,511.12,3
16563,54,1,1077.74,0
16565,364,1,173.7,2
16566,15,5,614.66,3
16567,194,2,865.6,2
16569,3,1,124.2,3
16570,15,10,3738.4,1
16571,27,3,1421.69,0
16572,127,3,973.65,0
16573,85,2,663.61,0
16574,71,1,451.44,2
16581,183,1,105.84,2
16582,113,1,313.62,2
16583,374,1,233.45,2
16584,80,2,936.08,0
16586,249,1,463.95,2
16587,232,1,225.15,2
16589,71,3,459.24,0
16591,69,1,213.5,2
16592,4,16,4113.68,1
16593,51,3,330.03,3
16594,75,1,181.09,2
16595,61,1,360.16,2
16596,16,2,250.15,3
16597,4,1,90.04,3
16598,286,1,145.04999999999998,2
16600,4,6,813.52,1
16601,41,1,243.63,2
16602,36,1,528.08,3
16603,75,2,482.47,2
16607,18,13,2802.71,1
16609,15,7,5493.46,1
16610,219,1,75.66,2
16611,186,1,129.49,2
16612,33,4,1187.66,0
16613,70,1,618.59,2
16614,183,1,506.19,2
16616,15,2,420.52,3
16617,236,1,151.85,2
16618,31,5,2647.59,0
16619,264,1,226.21,2
16620,4,2,178.96,3
16621,52,4,813.48,0
16623,246,1,129.45,2
16624,81,2,810.5699999999999,0
16625,275,1,333.08,2
16626,1,16,4253.3,1
16627,79,1,322.8,2
16628,30,5,2188.05,0
16629,74,2,417.73,2
16633,17,6,2883.1,1
16634,223,2,217.9,2
16637,32,4,1046.62,0
16638,23,10,1560.82,1
16639,31,3,1257.51,0
16641,106,1,231.10000000000002,2
16642,5,2,688.33,3
16643,246,1,487.51,2
16644,178,2,833.78,2
16647,170,2,214.06,2
16648,43,1,290.65999999999997,2
16650,72,1,518.42,2
16652,59,7,6773.97,0
16653,16,2,1212.66,3
16654,141,4,601.27,0
16655,18,6,3794.52,1
16656,22,15,8625.8,1
16657,10,4,933.62,3
16658,368,1,123.24,2
16659,189,1,39.12,2
16660,16,4,1267.6499999999999,0
16665,362,1,135.39999999999998,2
16666,19,1,118.98,3
16667,68,2,570.13,2
16668,15,6,306.71999999999997,3
16669,24,2,1370.47,0
16670,17,11,4095.9,1
16671,28,3,1692.27,0
16672,2,20,8134.9400000000005,1
16674,55,2,319.61,2
16676,34,4,1512.22,0
16678,3,12,3109.99,1
16679,366,1,129.75,2
16680,43,1,183.7,2
16681,73,6,1770.34,0
16682,5,5,1028.0,3
16684,4,26,61976.840000000004,1
16685,61,2,324.24,2
16686,47,7,3022.88,0
16688,1,4,1260.86,3
16689,76,2,422.59999999999997,2
16690,72,2,225.57999999999998,2
16692,256,2,1126.0,2
16693,69,2,482.01,2
16696,135,4,657.9000000000001,0
16697,241,1,112.75,2
16698,227,2,1998.0,0
16700,9,13,5076.55,1
16701,9,13,5340.7,1
16705,1,20,14034.99,1
16706,37,3,531.35,0
16708,46,1,656.63,3
16709,85,5,3029.87,0
16710,19,10,2483.04,1
16711,3,5,1651.03,1
16712,9,11,3637.78,1
16713,19,15,6883.18,1
16714,317,2,896.53,2
16715,78,1,301.71999999999997,2
16716,267,2,901.2,2
16717,24,6,3818.4300000000003,1
16718,369,1,623.75,2
16719,15,7,1790.42,1
16720,26,1,155.24,3
16721,262,1,292.47,2
16722,17,13,4730.81,1
16723,108,1,424.15,2
16725,302,6,779.57,0
16726,26,5,1382.02,0
16727,364,1,272.82,2
16728,46,4,1054.67,0
16729,38,21,7236.6,1
16730,52,3,743.11,0
16732,32,1,603.75,3
16734,52,3,650.51,0
16735,79,5,2300.56,0
16737,53,1,417.59999999999997,2
16738,298,1,3.75,2
16739,177,1,323.0,2
16743,29,7,2238.09,0
16744,11,7,1304.76,1
16745,87,17,7194.3,1
16746,5,18,6697.66,1
16747,38,2,836.06,0
16748,18,5,1515.9,0
16750,45,5,583.98,0
16751,31,1,1764.72,0
16752,373,1,127.55,2
16753,58,1,223.92000000000002,2
16755,114,3,1496.83,0
16756,215,1,239.4,2
16757,319,1,106.83000000000001,2
16758,65,1,369.34000000000003,2
16759,8,3,789.79,3
16761,97,1,316.62,2
16762,20,3,1421.48,0
16763,199,1,611.85,2
16764,4,13,2799.25,1
16765,294,1,34.0,2
16766,273,2,1145.6,2
16767,31,11,5580.6,1
16768,48,3,478.09000000000003,0
16769,260,1,380.39,2
16770,58,5,730.15,0
16771,33,5,2234.81,0
16773,57,1,171.59,2
16774,68,4,661.52,0
16775,10,11,1695.66,1
16776,60,1,388.28,2
16777,80,2,226.35,2
16778,74,2,245.94,2
16779,2,22,10629.720000000001,1
16780,100,2,425.19,2
16781,372,1,311.25,2
16782,10,13,2279.9,1
16784,20,1,107.6,3
16788,123,2,595.83,2
16789,8,1,80.8,3
16790,4,6,1545.6200000000001,1
16791,29,7,1709.03,0
16792,282,2,110.38000000000001,2
16793,57,1,243.84,2
16794,1,10,1220.69,1
16795,365,1,414.88,2
16796,89,1,305.62,2
16800,11,1,1201.49,3
16801,163,4,1619.73,0
16803,65,1,332.3,2
16804,23,3,536.99,3
16805,174,2,460.59,2
16806,103,4,775.54,0
16807,143,3,1121.59,0
16808,99,2,288.42,2
16809,23,5,914.69,0
16810,192,1,309.54,2
16811,5,2,547.07,3
16812,361,1,479.35,2
16813,8,10,1692.98,1
16814,14,21,6499.2,1
16816,103,4,417.06,0
16817,3,9,1524.85,1
16818,11,11,3349.57,1
16820,96,1,497.61,2
16823,227,1,358.38,2
16824,16,2,460.64,3
16825,39,2,775.1800000000001,0
16826,51,1,341.7,2
16828,112,1,113.5,2
16829,157,1,197.22,2
16830,39,1,325.91,3
16832,184,3,199.15,2
16833,1,4,1106.53,3
16834,228,1,413.46,2
16835,128,2,180.85,2
16836,40,2,251.87,3
16837,31,11,3170.98,1
16838,197,2,387.9,2
16839,9,34,16594.35,1
16841,37,6,1869.82,0
16842,101,3,1264.19,0
16843,43,16,10156.62,1
16846,50,1,214.32,2
16847,43,1,193.44,2
16848,53,1,281.42,2
16849,187,1,124.57,2
16850,334,1,332.41,2
16851,4,3,342.45,3
16852,10,2,104.96000000000001,3
16855,24,2,328.4,3
16856,15,1,35.400000000000006,3
16858,369,1,375.69000000000005,2
16859,145,2,697.86,2
16861,60,2,173.76,2
16863,31,2,502.8,3
16866,141,3,207.73999999999998,2
16869,23,4,825.42,0
16871,22,6,2812.34,0
16872,77,3,630.07,0
16873,5,6,6773.62,1
16875,67,5,2095.53,0
16877,12,6,853.72,0
16878,84,1,13.3,2
16880,31,7,1519.08,0
16882,67,3,705.12,0
16883,187,2,276.73,2
16884,38,2,429.84000000000003,3
16885,15,3,471.51,3
16887,35,1,194.88,3
16889,195,3,1578.67,0
16891,2,5,809.7,3
16892,1,5,525.54,3
16893,367,1,145.93,2
16895,65,1,219.14,2
16897,299,2,289.78,2
16898,26,3,508.81,3
16899,8,6,1281.56,1
16900,17,3,882.16,3
16902,116,1,1706.88,0
16903,29,1,373.24,3
16904,4,15,3695.52,1
16905,5,7,3102.43,1
16906,82,4,579.77,0
16907,29,5,981.65,0
16909,72,1,379.14,2
16910,4,8,1510.06,1
16912,29,11,2575.38,1
16913,290,1,113.44,2
16914,36,1,208.46,3
16915,9,6,471.83,3
16916,24,2,576.26,3
16917,277,1,391.52,2
16918,50,6,1068.82,0
16919,156,11,2596.45,0
16921,61,1,169.79,2
16923,12,19,7247.61,1
16924,21,3,846.75,3
16926,371,1,230.25,2
16927,116,3,543.05,0
16928,80,17,2839.65,1
16929,4,7,1295.39,1
16930,26,3,380.55,3
16931,5,21,4604.22,1
16932,53,1,161.94,2
16933,1,2,563.23,3
16934,55,2,950.9300000000001,0
16936,26,1,262.68,3
16938,9,4,1903.13,0
16940,52,3,3049.88,0
16942,13,9,1920.59,1
16943,212,3,816.73,0
16945,22,19,4345.5,1
16947,236,1,406.48,2
16948,139,3,399.02,2
16949,4,6,786.27,3
16950,57,3,1178.56,0
16951,135,3,1277.75,0
16952,109,2,167.61,2
16953,30,1,20.8,2
16954,1,9,2085.08,1
16955,185,4,518.67,0
16956,18,1,308.74,3
16957,239,2,416.64,2
16959,87,1,117.35000000000001,2
16960,39,3,505.1,0
16961,116,1,234.17,2
16963,187,1,110.55000000000001,2
16965,227,1,192.07,2
16966,8,7,2154.97,1
16967,189,1,319.02,2
16968,4,2,439.43,3
16969,39,3,650.41,0
16971,38,1,232.21,3
16976,267,1,251.51999999999998,2
16978,78,1,344.33,2
16979,4,6,1852.0,1
16980,255,2,1078.96,2
16982,61,1,384.06,2
16983,13,7,1931.25,1
16984,88,2,4481.35,0
16985,17,10,5464.12,1
16986,30,1,83.2,2
16987,3,7,1625.05,1
16988,5,1,126.12,3
16989,7,6,1133.25,1
16990,219,1,179.0,2
16992,11,5,1614.31,0
16996,30,6,1456.96,0
16997,288,3,702.0,2
16998,150,4,295.0,2
16999,23,2,484.82,3
17001,1,11,3989.57,1
17002,86,3,1493.73,0
17004,46,2,1412.94,0
17006,5,4,781.78,3
17007,51,6,889.9300000000001,0
17010,18,1,195.36,3
17011,30,1,270.9,3
17014,8,3,586.33,3
17015,29,3,1842.56,0
17017,3,20,8694.26,1
17018,41,2,920.1,0
17019,11,4,1272.61,0
17022,31,1,71.0,2
17024,45,3,95.85,2
17025,61,3,357.77,0
17026,185,2,154.82999999999998,2
17027,79,6,890.29,0
17029,111,2,716.0,2
17030,64,1,146.87,2
17031,12,2,380.35,3
17033,86,3,1030.14,0
17034,16,3,745.52,3
17035,246,2,433.53000000000003,2
17037,88,1,1267.32,0
17038,30,1,112.4,3
17040,138,1,449.73,2
17041,27,3,1081.57,0
17042,3,5,1044.3799999999999,1
17043,32,4,1735.18,0
17044,25,1,948.48,3
17045,113,2,299.49,2
17046,157,1,642.02,2
17047,85,3,1100.9,0
17048,118,3,885.4,0
17049,3,9,5409.9800000000005,1
17050,96,6,3228.84,0
17051,194,1,247.14000000000001,2
17052,28,1,413.75,3
17053,131,1,498.48,2
17054,28,5,1316.38,0
17058,82,3,1179.89,0
17059,30,5,3095.04,0
17060,266,1,234.24,2
17061,74,11,5232.2300000000005,1
17062,314,4,533.33,2
17063,21,7,1461.14,0
17064,59,3,859.35,0
17068,12,21,4545.89,1
17069,28,9,2709.7000000000003,1
17070,114,1,312.14,2
17071,28,9,2429.03,1
17073,18,4,1444.84,0
17075,18,4,834.12,0
17076,36,3,841.0799999999999,0
17078,36,2,375.86,3
17079,78,1,118.80000000000001,2
17080,22,2,287.62,3
17081,25,2,290.16,3
17082,33,2,1753.85,0
17083,109,3,1405.78,0
17084,35,2,2949.75,0
17085,123,5,1566.65,0
17086,7,6,2050.08,1
17088,28,4,1991.01,0
17090,4,7,2043.95,1
17091,3,9,3827.76,1
17092,50,4,1777.78,0
17094,322,1,302.0,2
17095,23,3,1324.16,0
17096,15,4,1022.13,0
17097,2,8,954.42,1
17100,18,2,971.74,3
17101,10,4,1621.73,0
17102,262,1,25.5,2
17105,159,2,665.78,2
17107,33,6,10815.43,1
17109,29,6,885.04,0
17110,165,1,163.29999999999998,2
17111,47,1,248.61,2
17114,6,8,808.62,1
17115,8,3,837.5,3
17117,288,1,116.19999999999999,2
17118,318,1,157.02,2
17119,3,2,606.91,3
17120,233,1,307.46,2
17122,119,1,138.32,2
17123,162,1,345.29999999999995,2
17124,185,1,298.89,2
17125,50,1,259.35,2
17126,152,5,1004.75,0
17128,335,1,157.09,2
17131,5,5,2463.17,1
17133,16,7,4892.240000000001,1
17134,107,2,425.0,2
17135,16,5,969.73,0
17138,276,1,380.5,2
17139,16,12,10378.47,1
17140,247,1,465.32,2
17142,239,1,384.0,2
17144,1,2,984.57,3
17146,106,3,579.78,0
17147,23,4,1714.59,0
17148,52,1,124.88,2
17152,195,3,1689.5,0
17153,24,1,213.78,3
17154,75,1,329.34,2
17155,18,2,251.70000000000002,3
17157,8,2,319.0,3
17158,32,3,1266.97,0
17159,22,3,1538.88,0
17160,31,6,3518.03,0
17162,29,10,1715.46,1
17163,22,2,293.1,3
17164,33,7,2467.35,0
17165,284,1,158.68,2
17166,39,2,206.34,3
17169,58,2,835.78,0
17171,289,1,224.91,2
17172,79,1,317.76,2
17173,5,8,3766.6,1
17174,218,1,59.9,2
17175,44,4,1383.74,0
17176,202,1,306.13,2
17179,178,3,711.79,0
17180,56,4,796.03,0
17181,57,2,239.92000000000002,2
17183,8,6,3347.31,1
17186,47,2,144.0,2
17187,227,1,203.95,2
17188,11,7,2474.23,1
17189,106,2,384.40000000000003,2
17190,59,1,249.74,2
17191,28,7,2095.13,0
17193,36,7,1699.3000000000002,0
17194,361,1,226.78,2
17197,30,1,1013.01,3
17198,24,3,692.22,3
17201,54,1,342.63,2
17203,36,6,3563.85,0
17204,175,4,1564.56,0
17205,54,1,384.08,2
17206,53,1,204.24,2
17211,27,8,2267.2200000000003,1
17212,253,1,226.85,2
17213,40,7,2741.28,0
17214,60,6,984.12,0
17217,234,1,113.5,2
17218,4,10,1960.72,1
17219,32,1,114.23,3
17220,24,14,3198.25,1
17221,7,2,335.13,3
17222,65,1,354.15,2
17223,310,2,391.79,2
17226,309,1,393.49,2
17227,19,6,939.32,0
17228,16,8,1906.09,1
17229,96,2,318.76,2
17230,264,8,3638.41,0
17231,12,10,3174.32,1
17232,3,2,421.52,3
17233,35,1,190.88,3
17234,183,1,149.89000000000001,2
17235,25,2,550.06,3
17236,13,6,916.13,0
17237,11,2,314.69,3
17238,3,17,3744.65,1
17239,313,1,382.5,2
17242,108,2,1135.04,0
17243,1,26,8668.45,1
17244,53,1,954.9,3
17245,205,1,171.45,2
17247,15,1,282.19,3
17248,120,1,318.65,2
17250,4,2,384.52,3
17251,363,1,283.28000000000003,2
17252,117,2,353.86,2
17253,18,1,178.26,3
17254,5,2,272.44,3
17255,41,2,298.41,3
17256,107,2,240.0,2
17259,148,2,603.37,2
17262,52,5,1253.3600000000001,0
17263,208,1,63.440000000000005,2
17265,139,2,562.9,2
17266,2,3,310.64,3
17267,127,2,317.62,2
17268,108,4,763.64,0
17272,42,4,2148.63,0
17274,35,1,111.97999999999999,2
17277,228,2,1065.3500000000001,2
17278,241,1,206.09,2
17279,58,1,187.82999999999998,2
17282,130,3,1703.41,0
17284,60,6,1652.58,0
17286,22,1,153.92,3
17287,26,7,1064.11,0
17288,9,7,1419.73,1
17289,32,3,944.41,0
17290,4,2,525.24,3
17291,308,1,550.8000000000001,2
17293,8,8,1810.11,1
17295,29,3,556.95,3
17297,17,1,131.78,3
17298,101,2,498.42,2
17299,12,4,669.11,3
17301,21,1,197.63,3
17302,15,5,1135.63,0
17303,361,1,250.04,2
17306,11,18,7659.31,1
17309,95,1,82.75,2
17311,78,2,1384.85,0
17312,139,3,644.3,0
17313,31,1,2328.84,0
17314,25,8,2527.92,1
17315,2,36,6252.18,1
17317,46,3,2600.34,0
17320,100,3,1200.6200000000001,0
17321,8,2,700.86,3
17323,15,7,917.67,0
17324,18,4,990.23,0
17325,280,1,96.8,2
17329,14,2,523.11,3
17330,23,2,363.9,3
17331,124,1,175.2,2
17333,86,1,494.25,2
17334,302,2,307.02,2
17337,151,4,2026.42,0
17338,17,8,6635.14,1
17339,94,2,243.36,2
17340,30,11,12313.34,1
17341,157,3,781.36,0
17343,355,1,193.64,2
17344,46,1,160.57,2
17345,15,4,537.74,3
17346,4,15,2676.56,1
17347,86,1,228.96,2
17348,15,5,1159.52,0
17349,179,1,110.75,2
17350,8,4,1286.07,3
17351,36,3,587.15,0
17353,129,2,1740.0,0
17354,51,1,1393.06,0
17356,312,1,178.22,2
17357,24,2,388.14,3
17358,303,2,365.85,2
17359,11,1,127.86,3
17360,17,3,585.79,3
17361,49,3,488.2,0
17362,239,2,276.28,2
17364,1,11,4481.18,1
17365,13,8,4796.52,1
17367,238,1,168.4,2
17368,23,8,1912.67,1
17370,73,4,446.18,0
17371,17,3,423.89,3
17372,41,8,1342.68,0
17373,40,4,646.92,0
17374,219,2,495.77,2
17375,199,3,400.1,2
17376,71,2,203.2,2
17377,24,20,4100.92,1
17379,11,1,404.66,3
17381,9,28,16123.369999999999,1
17382,65,1,65.4,2
17383,4,1,199.29,3
17384,19,2,336.4,3
17385,15,1,261.11,3
17386,8,6,2686.42,1
17387,20,2,784.11,3
17388,78,4,1259.56,0
17389,1,34,31833.68,1
17391,164,2,508.8,2
17392,307,2,451.91,2
17394,219,1,203.86999999999998,2
17396,39,7,7312.8,1
17397,22,2,696.41,3
17398,115,3,653.38,0
17400,126,5,2129.96,0
17402,5,12,2598.85,1
17403,36,1,281.62,3
17404,4,13,28088.7,1
17405,1,3,1031.41,3
17406,333,2,1655.42,0
17408,163,1,32.65,2
17409,185,2,771.85,2
17410,16,5,1214.72,0
17411,12,3,778.94,3
17412,3,7,1258.06,1
17414,185,1,28.0,2
17415,80,1,287.89,2
17416,30,7,6893.42,1
17418,42,2,463.46000000000004,3
17419,11,12,4141.57,1
17420,50,3,598.83,0
17422,16,6,1979.37,0
17423,46,2,698.41,0
17425,19,2,759.17,3
17426,8,6,4797.56,1
17427,72,1,100.8,2
17428,1,28,17166.95,1
17429,128,3,524.9200000000001,2
17430,33,2,265.76,3
17431,313,1,403.3,2
17432,18,2,365.76,3
17433,88,1,303.15999999999997,2
17434,2,7,2373.82,1
17436,2,2,216.29999999999998,3
17438,254,1,388.45000000000005,2
17440,157,3,186.42000000000002,2
17442,37,6,2248.56,0
17443,220,1,534.24,2
17444,152,2,2389.1,0
17446,177,2,120.9,2
17447,40,2,541.53,3
17449,2,7,2517.86,1
17450,8,44,116727.51,1
17451,1,7,1721.4,1
17453,18,2,486.71999999999997,3
17454,192,4,517.53,0
17455,204,1,131.7,2
17456,365,1,249.86,2
17457,127,5,1737.7,0
17458,15,1,316.5,3
17459,43,2,657.3,3
17460,94,6,622.4300000000001,0
17461,23,3,757.46,3
17462,60,2,675.69,0
17463,16,5,1896.41,0
17464,158,1,289.96000000000004,2
17466,10,2,763.28,3
17468,10,2,137.0,3
17469,16,5,1870.97,0
17470,45,5,1125.07,0
17472,191,3,710.29,0
17475,79,1,194.37,2
17480,78,1,511.82,2
17481,4,4,1255.59,3
17483,65,3,414.04,0
17486,261,1,396.87,2
17489,59,2,376.64,2
17490,1,7,2092.32,1
17491,1,10,3558.87,1
17492,248,1,374.57,2
17495,8,2,497.56,3
17496,359,1,271.05,2
17498,76,1,272.22,2
17499,290,1,622.88,2
17500,30,1,33.0,2
17501,221,2,288.6,2
17502,9,4,689.1,3
17503,3,2,558.96,3
17504,206,9,2997.0299999999997,0
17505,162,2,1145.84,0
17506,76,1,302.2,2
17507,262,2,605.58,2
17508,281,1,387.31,2
17509,58,8,6115.14,0
17510,25,1,308.48,3
17511,3,31,90851.18000000001,1
17512,29,10,2924.9900000000002,1
17513,72,1,513.2,2
17514,128,1,208.65,2
17515,31,4,639.02,0
17516,15,5,768.08,0
17517,309,1,153.94,2
17519,17,6,1844.02,0
17520,54,1,546.81,2
17521,30,3,723.2099999999999,0
17522,2,5,1066.15,1
17523,11,4,652.74,3
17524,361,1,145.0,2
17525,360,1,422.70000000000005,2
17526,5,4,1195.8999999999999,3
17527,54,4,939.37,0
17528,1,8,3628.5,1
17530,1,10,2344.46,1
17531,190,1,296.7,2
17534,54,1,223.36,2
17535,280,1,164.4,2
17536,177,1,76.5,2
17537,30,2,897.62,3
17538,26,1,98.42,3
17540,25,2,578.9,3
17542,270,1,170.75,2
17545,43,3,645.96,0
17548,234,1,103.3,2
17549,24,2,148.86,3
17550,197,3,267.16,2
17551,359,1,306.84,2
17552,60,4,930.41,0
17553,130,1,237.60000000000002,2
17554,1,5,1952.45,1
17555,20,2,483.26,3
17556,206,1,157.9,2
17557,14,3,541.46,3
17560,95,4,854.95,0
17561,19,1,167.62,3
17562,14,7,1122.38,0
17564,24,3,454.01,3
17566,8,2,901.21,3
17567,7,8,4331.48,1
17569,332,1,344.14,2
17571,50,4,1497.26,0
17572,71,4,226.75000000000003,2
17573,29,3,380.6,3
17574,243,1,185.65,2
17576,8,19,3622.68,1
17578,218,1,143.45999999999998,2
17579,5,3,448.90000000000003,3
17580,253,3,212.77,2
17581,1,24,10655.04,1
17582,236,1,175.27,2
17584,7,2,1242.3,3
17585,109,4,1133.07,0
17588,100,3,1240.2,0
17589,60,4,2366.97,0
17590,2,3,1477.97,3
17591,73,7,2225.9700000000003,0
17593,4,5,3927.34,1
17594,85,2,993.18,0
17595,12,2,388.79,3
17596,23,7,2827.93,1
17597,214,1,2004.42,2
17600,18,1,161.67000000000002,3
17601,239,1,116.00999999999999,2
17602,2,6,5102.97,1
17603,78,1,144.72,2
17604,217,2,309.36,2
17608,33,2,193.42,3
17609,41,5,1104.72,0
17611,7,15,3984.22,1
17612,53,6,2048.45,0
17613,23,14,4559.150000000001,1
17614,57,1,390.07,2
17615,130,3,329.6,2
17616,174,3,571.1999999999999,2
17618,6,3,851.73,3
17619,312,1,218.52,2
17620,60,1,81.44,2
17621,21,3,1379.9,0
17623,33,1,527.0500000000001,3
17624,15,2,843.48,3
17625,18,4,2047.0,0
17628,81,1,75.75,2
17629,6,8,1814.12,1
17630,170,2,463.65,2
17631,2,3,528.33,3
17633,31,4,1324.84,0
17634,36,9,2361.9700000000003,0
17636,19,1,285.56,3
17637,31,2,547.0600000000001,3
17639,276,1,108.5,2
17640,87,1,621.66,2
17642,120,2,712.29,2
17643,373,1,101.55,2
17644,1,11,2895.64,1
17646,219,3,1008.39,0
17647,65,1,133.06,2
17648,61,4,1797.5,0
17649,138,1,868.49,2
17650,21,1,166.08,3
17651,12,10,3945.0,1
17652,25,12,4867.72,1
17653,37,4,1207.56,0
17654,277,1,117.55,2
17655,11,7,2563.04,1
17656,73,5,1674.69,0
17658,26,2,595.42,3
17659,17,12,2959.51,1
17660,141,1,196.0,2
17663,26,7,1742.96,0
17664,19,2,604.64,3
17666,4,2,728.16,3
17667,66,5,2055.51,0
17668,1,2,347.75,3
17669,43,7,3406.7200000000003,0
17670,228,1,205.7,2
17671,16,4,1572.71,0
17672,50,2,3178.17,0
17673,2,6,1629.12,1
17674,74,2,551.04,2
17675,1,31,20374.28,1
17676,4,6,1387.68,1
17677,2,30,16363.23,1
17678,264,1,298.11,2
17679,53,2,1952.16,0
17680,24,1,184.4,3
17682,10,6,2474.33,1
17684,44,1,239.41,2
17685,17,7,3191.53,1
17686,7,7,5739.46,1
17690,30,15,4257.95,1
17691,358,2,290.40000000000003,2
17692,127,4,725.5799999999999,0
17693,137,1,200.47,2
17694,142,1,283.12,2
17695,132,2,765.34,2
17696,38,8,2285.71,0
17697,236,1,338.95,2
17698,261,1,154.95,2
17700,17,4,2534.64,0
17701,253,1,417.95,2
17702,30,4,1824.37,0
17703,35,3,798.74,0
17704,169,2,885.19,2
17705,3,9,1823.52,1
17706,4,17,10354.64,1
17707,185,2,152.4,2
17708,188,2,267.08,2
17709,170,1,87.5,2
17711,11,2,385.1,3
17712,45,1,443.01,3
17714,321,1,153.0,2
17715,201,1,326.4,2
17716,23,11,5655.99,1
17718,232,1,139.35,2
17719,38,15,5396.04,1
17720,26,4,1155.99,0
17722,96,4,2424.04,0
17723,127,6,3276.4000000000005,0
17724,71,3,1033.0,0
17725,16,11,3439.08,1
17727,15,1,1060.25,3
17728,4,3,2876.01,1
17730,3,13,5298.4800000000005,1
17731,79,4,1240.11,0
17732,373,1,303.97,2
17733,39,2,692.19,3
17734,54,3,700.63,0
17735,2,19,13110.02,1
17736,9,2,337.49,3
17737,9,2,168.24,3
17738,19,4,1879.05,0
17739,12,7,2791.35,1
17742,113,2,355.11,2
17744,4,6,2322.4,1
17746,240,1,110.25,2
17747,113,1,71.4,2
17749,178,2,674.52,2
17750,5,9,1781.28,1
17752,359,1,80.64,2
17754,1,5,1772.26,1
17757,1,30,5601.34,1
17758,19,8,3456.7000000000003,1
17759,17,3,833.74,3
17760,22,2,287.59,3
17761,33,1,712.78,3
17763,263,1,15.0,2
17764,51,2,818.8199999999999,0
17765,159,3,371.88,2
17767,15,1,271.2,3
17768,8,3,2273.1800000000003,0
17769,13,10,3997.98,1
17770,199,5,1143.27,0
17771,57,2,245.33,2
17772,11,2,182.77,3
17774,97,4,1225.41,0
17775,255,1,56.4,2
17777,25,3,665.86,3
17779,21,3,658.57,3
17781,159,2,188.02,2
17783,72,2,283.47,2
17785,53,1,131.94,2
17786,85,2,278.74,2
17787,153,4,1865.19,0
17788,74,2,1112.95,0
17789,281,1,225.9,2
17790,27,14,1965.55,1
17791,30,1,106.1,3
17793,25,1,323.04,3
17795,180,2,350.39,2
17796,40,4,697.9,0
17797,22,3,780.43,3
17799,22,10,3055.93,1
17800,37,9,1198.01,0
17802,82,3,1285.04,0
17805,74,1,512.31,2
17806,11,1,546.04,3
17809,16,12,5411.91,1
17811,4,39,7831.03,1
17812,13,4,732.16,3
17813,14,5,1734.93,0
17816,37,4,36.56,2
17817,4,2,192.68,3
17819,72,7,3704.87,0
17824,51,1,298.4,2
17827,5,5,1995.46,1
17828,23,4,1165.09,0
17829,299,1,889.24,2
17830,2,3,398.7,3
17831,33,1,35.400000000000006,2
17832,50,1,155.37,2
17835,3,3,350.64,3
17836,47,1,109.83,2
17837,42,8,1587.48,0
17838,27,5,2654.3,0
17839,42,1,338.8,3
17841,2,124,39649.47,1
17843,303,1,197.73,2
17844,107,1,51.559999999999995,2
17848,81,9,901.1999999999999,0
17849,218,4,326.15,2
17850,372,34,4783.46,1
17852,12,2,114.34,3
17854,185,2,311.26,2
17855,373,1,208.97,2
17856,2,4,1418.03,3
17857,4,20,23110.84,1
17858,6,12,5155.66,1
17859,305,1,148.21,2
17860,369,1,252.8,2
17861,3,8,2100.8,1
17862,324,1,330.9,2
17863,59,6,3160.0,0
17864,13,3,597.5,3
17865,31,20,10524.220000000001,1
17866,143,1,329.65,2
17867,30,6,1197.1000000000001,0
17869,107,5,428.18,0
17870,2,12,1894.35,1
17871,205,1,155.9,2
17873,80,5,1729.7800000000002,0
17874,185,6,683.46,0
17877,170,1,237.61,2
17878,44,1,379.45,2
17879,174,1,178.51999999999998,2
17880,365,1,458.92,2
17881,304,1,133.35000000000002,2
17883,3,4,671.77,3
17884,4,4,717.45,3
17885,12,1,190.19,3
17886,32,3,899.61,0
17887,129,1,111.35,2
17888,21,8,726.05,0
17889,212,2,203.87,2
17890,323,2,602.09,2
17891,162,1,203.85999999999999,2
17892,56,3,244.1,2
17893,225,1,112.25,2
17894,72,8,1119.39,0
17895,44,1,98.0,2
17896,23,1,256.32,3
17897,173,3,486.7,2
17898,85,2,152.06,2
17899,159,1,155.8,2
17900,190,2,112.19999999999999,2
17901,29,1,110.38,3
17904,21,1,191.67,3
17905,71,4,800.24,0
17906,247,1,72.9,2
17908,374,1,243.28,2
17911,9,1,366.23,3
17912,310,5,311.01,2
17913,59,2,411.6,2
17914,4,1,336.43,3
17917,45,3,341.28,3
17919,88,1,1304.04,0
17920,4,17,4192.2,1
17921,64,4,826.52,0
17923,282,1,207.50000000000003,2
17924,12,7,2962.5,1
17925,373,1,244.08,2
17926,133,2,397.29,2
17928,45,2,184.46,2
17929,11,4,843.0,3
17930,36,5,1740.48,0
17931,134,2,408.36,2
17932,29,3,1331.57,0
17934,52,2,704.25,0
17935,138,2,142.89,2
17936,5,1,389.84,3
17937,9,7,4301.22,1
17939,160,1,99.14,2
17940,108,8,1191.22,0
17941,131,1,304.56,2
17942,8,1,77.50000000000001,3
17946,233,2,149.57999999999998,2
17947,37,1,176.68,2
17948,147,1,358.56000000000006,2
17949,8,29,28289.94,1
17950,72,3,482.2,0
17951,40,3,1008.5400000000001,0
17954,5,12,2332.72,1
17955,199,4,557.3,0
17956,249,1,12.75,2
17957,66,1,110.72,2
17958,117,1,508.4599999999999,2
17960,171,1,73.78,2
17961,21,39,1171.44,1
17962,142,1,102.83,2
17964,32,2,471.7,3
17965,38,14,2622.57,1
17966,38,5,1098.43,0
17967,372,1,123.07,2
17968,374,1,277.35,2
17969,166,2,228.2,2
17970,211,1,582.59,2
17972,242,1,136.04,2
17973,52,1,337.04,2
17974,25,3,740.79,3
17975,15,13,4485.51,1
17976,372,1,353.19,2
17977,29,1,288.14,3
17978,365,1,300.91999999999996,2
17979,36,4,754.31,0
17980,166,3,811.45,0
17984,145,1,152.68,2
17985,22,1,634.95,3
17986,56,1,20.8,2
17987,185,1,198.57,2
17988,12,7,161.17,3
17990,237,3,630.84,2
17991,225,2,93.35,2
17994,122,4,678.49,0
17995,282,1,76.1,2
17997,74,8,1970.6699999999998,0
17999,37,2,382.06,3
18001,12,2,417.23,3
18004,362,1,169.47,2
18005,4,2,249.72,3
18006,23,1,444.68,3
18008,70,9,2116.19,0
18009,235,1,257.34,2
18010,257,1,174.8,2
18011,373,1,102.78999999999999,2
18013,155,2,187.29,2
18014,28,1,158.47,3
18015,4,1,120.03,3
18016,32,5,1483.56,0
18017,81,3,523.0,0
18018,108,2,122.14,2
18019,52,1,38.45,2
18022,36,1,668.11,3
18024,153,2,389.78,2
18027,99,1,115.31,2
18030,4,2,230.64999999999998,3
18032,334,1,73.5,2
18033,65,1,97.97,2
18034,22,2,422.88,3
18035,36,3,730.4,0
18036,32,3,405.62,3
18037,154,6,70.02,2
18040,19,2,357.20000000000005,3
18041,12,21,4183.39,1
18042,54,1,165.04999999999998,2
18043,25,3,559.51,3
18044,4,10,2088.6,1
18045,45,1,189.4,2
18048,203,2,172.29000000000002,2
18050,359,1,74.4,2
18053,71,1,300.02,2
18055,7,10,6784.1900000000005,1
18056,288,1,327.7,2
18058,10,1,170.16,3
18059,23,3,306.46,3
18061,22,10,2119.41,1
18062,173,3,720.52,0
18064,133,2,814.0,2
18065,6,14,2392.83,1
18066,75,1,318.0,2
18067,40,1,396.33,3
18068,289,1,101.69999999999999,2
18069,26,5,2036.67,0
18071,258,2,453.0,2
18072,186,1,247.44,2
18073,114,12,3877.5200000000004,0
18074,374,1,489.6,2
18075,23,10,2611.75,1
18077,8,11,2633.0099999999998,1
18078,217,2,336.13,2
18079,45,4,3651.97,0
18080,19,2,1231.5,3
18081,36,3,343.45,3
18082,26,1,703.37,3
18084,16,1,90.47999999999999,3
18085,330,2,689.95,2
18086,274,1,101.34,2
18088,61,1,167.67000000000002,2
18092,2,11,8246.26,1
18093,93,4,2106.52,0
18094,82,7,2585.3,0
18095,313,2,580.0500000000001,2
18096,12,3,911.15,3
18097,8,6,2697.8,1
18099,127,1,168.31,2
18101,11,2,223.65,3
18102,1,60,237641.3,1
18104,37,1,754.64,3
18105,38,1,113.48000000000002,2
18106,330,1,430.7,2
18108,254,1,271.0,2
18109,2,26,8052.97,1
18110,20,1,236.3,3
18112,12,2,352.69,3
18113,369,1,76.32000000000001,2
18114,290,1,220.1,2
18116,68,8,1414.43,0
18117,26,1,319.47,3
18118,11,26,5651.42,1
18119,368,1,181.12,2
18120,214,1,111.15,2
18121,149,2,673.1,2
18122,8,6,1785.04,1
18123,24,2,589.4399999999999,3
18125,30,4,1142.99,0
18126,61,1,204.49,2
18127,19,3,348.73,3
18129,243,1,112.55000000000001,2
18130,15,3,1059.39,3
18135,29,5,681.9100000000001,0
18136,63,3,784.33,0
18138,295,1,152.65,2
18139,18,6,8438.34,1
18142,157,2,1019.52,0
18143,117,2,1000.16,0
18144,8,12,2888.75,1
18145,13,4,2861.55,0
18146,141,2,160.35000000000002,2
18147,46,2,179.33999999999997,2
18149,51,3,612.0799999999999,0
18150,32,3,566.58,3
18151,135,2,653.35,2
18154,3,2,399.19,3
18155,75,3,371.62,2
18156,13,2,734.94,3
18158,9,2,453.4,3
18159,301,1,530.15,2
18160,57,2,638.0600000000001,0
18161,15,5,1618.69,0
18164,37,1,399.65000000000003,3
18165,177,1,302.46000000000004,2
18167,23,3,1384.8600000000001,0
18168,176,6,1169.94,0
18169,61,1,202.65,2
18170,33,3,980.31,0
18171,59,5,1231.31,0
18172,15,20,7561.68,1
18173,87,4,2106.84,0
18174,7,1,104.0,3
18176,358,1,476.35,2
18177,31,6,1341.42,0
18178,129,4,1590.81,0
18179,9,6,1793.17,1
18180,5,6,1843.75,1
18181,24,1,382.8,3
18183,227,2,632.07,2
18184,15,1,49.8,3
18185,249,1,304.25,2
18188,15,3,2001.04,0
18189,78,2,1090.24,0
18190,192,2,284.46000000000004,2
18191,262,1,207.79999999999998,2
18192,72,1,957.97,2
18193,165,1,243.76,2
18194,82,1,973.8399999999999,2
18196,95,2,689.13,2
18198,4,17,5425.56,1
18200,106,1,163.8,2
18202,200,3,1396.99,0
18203,157,1,160.42000000000002,2
18204,71,3,1993.7,0
18205,36,2,517.36,3
18209,29,1,139.10000000000002,3
18210,2,6,2621.38,1
18211,26,5,600.07,0
18212,326,1,248.42,2
18213,237,1,232.48000000000002,2
18215,89,1,299.34000000000003,2
18216,31,1,481.75,3
18217,29,2,621.75,3
18218,211,2,662.08,2
18219,3,10,2069.77,1
18220,227,1,305.28000000000003,2
18221,22,5,1041.61,0
18222,93,1,443.0,2
18223,5,14,6484.54,1
18224,264,1,158.95000000000002,2
18225,3,12,5509.12,1
18226,44,11,5228.05,1
18227,218,1,93.75,2
18228,57,2,779.9,0
18229,12,20,7276.900000000001,1
18230,9,7,2810.2000000000003,1
18231,192,5,2083.27,0
18232,82,4,592.97,0
18235,72,3,1796.48,0
18236,30,6,882.24,0
18237,3,5,987.1,3
18239,219,5,1561.6100000000001,0
18240,46,1,422.58,2
18241,10,17,2073.09,1
18242,72,4,2232.4900000000002,0
18245,7,7,2567.06,1
18246,24,2,596.1,3
18248,123,2,724.12,2
18249,17,1,95.34,3
18250,310,1,349.27,2
18251,87,1,2085.6,0
18252,51,2,526.67,3
18255,89,1,103.3,2
18257,39,8,2337.63,0
18259,25,3,2338.6000000000004,0
18260,173,6,2643.2000000000003,0
18261,43,2,324.24,3
18262,140,1,149.48,2
18263,26,3,1213.1599999999999,0
18265,72,2,801.51,0
18268,134,1,25.5,2
18269,366,1,168.6,2
18270,38,2,283.15,3
18272,3,6,3078.58,1
18273,2,3,204.0,3
18274,30,1,175.92,3
18276,44,1,335.86,2
18277,58,1,110.38,2
18278,74,1,173.9,2
18280,278,1,180.60000000000002,2
18281,181,1,80.82,2
18282,8,2,178.05,3
18283,4,16,2088.93,1
18287,43,3,1837.28,0
